name,url,codes,char,category,group,subgroup
"hundred points","https://github.githubassets.com/images/icons/emoji/unicode/1f4af.png?v8","1F4AF","💯","Smileys & Emotion (emotion)","Smileys & Emotion","emotion"
"input numbers","https://github.githubassets.com/images/icons/emoji/unicode/1f522.png?v8","1F522","🔢","Symbols (alphanum)","Symbols","alphanum"
"thumbs up","https://github.githubassets.com/images/icons/emoji/unicode/1f44d.png?v8","1F44D","👍","People & Body (hand-fingers-closed)","People & Body","hand-fingers-closed"
"thumbs down","https://github.githubassets.com/images/icons/emoji/unicode/1f44e.png?v8","1F44E","👎","People & Body (hand-fingers-closed)","People & Body","hand-fingers-closed"
"1st place medal","https://github.githubassets.com/images/icons/emoji/unicode/1f947.png?v8","1F947","🥇","Activities (award-medal)","Activities","award-medal"
"2nd place medal","https://github.githubassets.com/images/icons/emoji/unicode/1f948.png?v8","1F948","🥈","Activities (award-medal)","Activities","award-medal"
"3rd place medal","https://github.githubassets.com/images/icons/emoji/unicode/1f949.png?v8","1F949","🥉","Activities (award-medal)","Activities","award-medal"
"pool 8 ball","https://github.githubassets.com/images/icons/emoji/unicode/1f3b1.png?v8","1F3B1","🎱","Activities (game)","Activities","game"
"A button (blood type)","https://github.githubassets.com/images/icons/emoji/unicode/1f170.png?v8","1F170","🅰","Symbols (alphanum)","Symbols","alphanum"
"AB button (blood type)","https://github.githubassets.com/images/icons/emoji/unicode/1f18e.png?v8","1F18E","🆎","Symbols (alphanum)","Symbols","alphanum"
"abacus","https://github.githubassets.com/images/icons/emoji/unicode/1f9ee.png?v8","1F9EE","🧮","Objects (computer)","Objects","computer"
"input latin letters","https://github.githubassets.com/images/icons/emoji/unicode/1f524.png?v8","1F524","🔤","Symbols (alphanum)","Symbols","alphanum"
"input latin lowercase","https://github.githubassets.com/images/icons/emoji/unicode/1f521.png?v8","1F521","🔡","Symbols (alphanum)","Symbols","alphanum"
"Japanese “acceptable” button","https://github.githubassets.com/images/icons/emoji/unicode/1f251.png?v8","1F251","🉑","Symbols (alphanum)","Symbols","alphanum"
"adhesive bandage","https://github.githubassets.com/images/icons/emoji/unicode/1fa79.png?v8","1FA79","🩹","Objects (medical)","Objects","medical"
"person","https://github.githubassets.com/images/icons/emoji/unicode/1f9d1.png?v8","1F9D1","🧑","People & Body (person)","People & Body","person"
"aerial tramway","https://github.githubassets.com/images/icons/emoji/unicode/1f6a1.png?v8","1F6A1","🚡","Travel & Places (transport-air)","Travel & Places","transport-air"
"flag: Afghanistan","https://github.githubassets.com/images/icons/emoji/unicode/1f1e6-1f1eb.png?v8","1F1E6 1F1EB","🇦🇫","Flags (country-flag)","Flags","country-flag"
"airplane","https://github.githubassets.com/images/icons/emoji/unicode/2708.png?v8","2708","✈","Travel & Places (transport-air)","Travel & Places","transport-air"
"flag: Åland Islands","https://github.githubassets.com/images/icons/emoji/unicode/1f1e6-1f1fd.png?v8","1F1E6 1F1FD","🇦🇽","Flags (country-flag)","Flags","country-flag"
"alarm clock","https://github.githubassets.com/images/icons/emoji/unicode/23f0.png?v8","23F0","⏰","Travel & Places (time)","Travel & Places","time"
"flag: Albania","https://github.githubassets.com/images/icons/emoji/unicode/1f1e6-1f1f1.png?v8","1F1E6 1F1F1","🇦🇱","Flags (country-flag)","Flags","country-flag"
"alembic","https://github.githubassets.com/images/icons/emoji/unicode/2697.png?v8","2697","⚗","Objects (science)","Objects","science"
"flag: Algeria","https://github.githubassets.com/images/icons/emoji/unicode/1f1e9-1f1ff.png?v8","1F1E9 1F1FF","🇩🇿","Flags (country-flag)","Flags","country-flag"
"alien","https://github.githubassets.com/images/icons/emoji/unicode/1f47d.png?v8","1F47D","👽","Smileys & Emotion (face-costume)","Smileys & Emotion","face-costume"
"ambulance","https://github.githubassets.com/images/icons/emoji/unicode/1f691.png?v8","1F691","🚑","Travel & Places (transport-ground)","Travel & Places","transport-ground"
"flag: American Samoa","https://github.githubassets.com/images/icons/emoji/unicode/1f1e6-1f1f8.png?v8","1F1E6 1F1F8","🇦🇸","Flags (country-flag)","Flags","country-flag"
"amphora","https://github.githubassets.com/images/icons/emoji/unicode/1f3fa.png?v8","1F3FA","🏺","Food & Drink (dishware)","Food & Drink","dishware"
"anchor","https://github.githubassets.com/images/icons/emoji/unicode/2693.png?v8","2693","⚓","Travel & Places (transport-water)","Travel & Places","transport-water"
"flag: Andorra","https://github.githubassets.com/images/ico:ns/emoji/unicode/1f1e6-1f1e9.png?v8","1F1E6 1F1E9","🇦🇩","Flags (country-flag)","Flags","country-flag"
"baby angel","https://github.githubassets.com/images/icons/emoji/unicode/1f47c.png?v8","1F47C","👼","People & Body (person-fantasy)","People & Body","person-fantasy"
"anger symbol","https://github.githubassets.com/images/icons/emoji/unicode/1f4a2.png?v8","1F4A2","💢","Smileys & Emotion (emotion)","Smileys & Emotion","emotion"
"flag: Angola","https://github.githubassets.com/images/icons/emoji/unicode/1f1e6-1f1f4.png?v8","1F1E6 1F1F4","🇦🇴","Flags (country-flag)","Flags","country-flag"
"angry face","https://github.githubassets.com/images/icons/emoji/unicode/1f620.png?v8","1F620","😠","Smileys & Emotion (face-negative)","Smileys & Emotion","face-negative"
"flag: Anguilla","https://github.githubassets.com/images/icons/emoji/unicode/1f1e6-1f1ee.png?v8","1F1E6 1F1EE","🇦🇮","Flags (country-flag)","Flags","country-flag"
"anguished face","https://github.githubassets.com/images/icons/emoji/unicode/1f627.png?v8","1F627","😧","Smileys & Emotion (face-concerned)","Smileys & Emotion","face-concerned"
"ant","https://github.githubassets.com/images/icons/emoji/unicode/1f41c.png?v8","1F41C","🐜","Animals & Nature (animal-bug)","Animals & Nature","animal-bug"
"flag: Antarctica","https://github.githubassets.com/images/icons/emoji/unicode/1f1e6-1f1f6.png?v8","1F1E6 1F1F6","🇦🇶","Flags (country-flag)","Flags","country-flag"
"flag: Antigua & Barbuda","https://github.githubassets.com/images/icons/emoji/unicode/1f1e6-1f1ec.png?v8","1F1E6 1F1EC","🇦🇬","Flags (country-flag)","Flags","country-flag"
"red apple","https://github.githubassets.com/images/icons/emoji/unicode/1f34e.png?v8","1F34E","🍎","Food & Drink (food-fruit)","Food & Drink","food-fruit"
"Aquarius","https://github.githubassets.com/images/icons/emoji/unicode/2652.png?v8","2652","♒","Symbols (zodiac)","Symbols","zodiac"
"flag: Argentina","https://github.githubassets.com/images/icons/emoji/unicode/1f1e6-1f1f7.png?v8","1F1E6 1F1F7","🇦🇷","Flags (country-flag)","Flags","country-flag"
"Aries","https://github.githubassets.com/images/icons/emoji/unicode/2648.png?v8","2648","♈","Symbols (zodiac)","Symbols","zodiac"
"flag: Armenia","https://github.githubassets.com/images/icons/emoji/unicode/1f1e6-1f1f2.png?v8","1F1E6 1F1F2","🇦🇲","Flags (country-flag)","Flags","country-flag"
"reverse button","https://github.githubassets.com/images/icons/emoji/unicode/25c0.png?v8","25C0","◀","Symbols (av-symbol)","Symbols","av-symbol"
"fast down button","https://github.githubassets.com/images/icons/emoji/unicode/23ec.png?v8","23EC","⏬","Symbols (av-symbol)","Symbols","av-symbol"
"fast up button","https://github.githubassets.com/images/icons/emoji/unicode/23eb.png?v8","23EB","⏫","Symbols (av-symbol)","Symbols","av-symbol"
"down arrow","https://github.githubassets.com/images/icons/emoji/unicode/2b07.png?v8","2B07","⬇","Symbols (arrow)","Symbols","arrow"
"downwards button","https://github.githubassets.com/images/icons/emoji/unicode/1f53d.png?v8","1F53D","🔽","Symbols (av-symbol)","Symbols","av-symbol"
"play button","https://github.githubassets.com/images/icons/emoji/unicode/25b6.png?v8","25B6","▶","Symbols (av-symbol)","Symbols","av-symbol"
"right arrow curving down","https://github.githubassets.com/images/icons/emoji/unicode/2935.png?v8","2935","⤵","Symbols (arrow)","Symbols","arrow"
"right arrow curving up","https://github.githubassets.com/images/icons/emoji/unicode/2934.png?v8","2934","⤴","Symbols (arrow)","Symbols","arrow"
"left arrow","https://github.githubassets.com/images/icons/emoji/unicode/2b05.png?v8","2B05","⬅","Symbols (arrow)","Symbols","arrow"
"down-left arrow","https://github.githubassets.com/images/icons/emoji/unicode/2199.png?v8","2199","↙","Symbols (arrow)","Symbols","arrow"
"down-right arrow","https://github.githubassets.com/images/icons/emoji/unicode/2198.png?v8","2198","↘","Symbols (arrow)","Symbols","arrow"
"right arrow","https://github.githubassets.com/images/icons/emoji/unicode/27a1.png?v8","27A1","➡","Symbols (arrow)","Symbols","arrow"
"left arrow curving right","https://github.githubassets.com/images/icons/emoji/unicode/21aa.png?v8","21AA","↪","Symbols (arrow)","Symbols","arrow"
"up arrow","https://github.githubassets.com/images/icons/emoji/unicode/2b06.png?v8","2B06","⬆","Symbols (arrow)","Symbols","arrow"
"up-down arrow","https://github.githubassets.com/images/icons/emoji/unicode/2195.png?v8","2195","↕","Symbols (arrow)","Symbols","arrow"
"upwards button","https://github.githubassets.com/images/icons/emoji/unicode/1f53c.png?v8","1F53C","🔼","Symbols (av-symbol)","Symbols","av-symbol"
"up-left arrow","https://github.githubassets.com/images/icons/emoji/unicode/2196.png?v8","2196","↖","Symbols (arrow)","Symbols","arrow"
"up-right arrow","https://github.githubassets.com/images/icons/emoji/unicode/2197.png?v8","2197","↗","Symbols (arrow)","Symbols","arrow"
"clockwise vertical arrows","https://github.githubassets.com/images/icons/emoji/unicode/1f503.png?v8","1F503","🔃","Symbols (arrow)","Symbols","arrow"
"counterclockwise arrows button","https://github.githubassets.com/images/icons/emoji/unicode/1f504.png?v8","1F504","🔄","Symbols (arrow)","Symbols","arrow"
"artist palette","https://github.githubassets.com/images/icons/emoji/unicode/1f3a8.png?v8","1F3A8","🎨","Activities (arts & crafts)","Activities","arts & crafts"
"articulated lorry","https://github.githubassets.com/images/icons/emoji/unicode/1f69b.png?v8","1F69B","🚛","Travel & Places (transport-ground)","Travel & Places","transport-ground"
"satellite","https://github.githubassets.com/images/icons/emoji/unicode/1f6f0.png?v8","1F6F0","🛰","Travel & Places (transport-air)","Travel & Places","transport-air"
"person","https://github.githubassets.com/images/icons/emoji/unicode/1f9d1-1f3a8.png?v8","1F9D1","🧑","People & Body (person)","People & Body","person"
"flag: Aruba","https://github.githubassets.com/images/icons/emoji/unicode/1f1e6-1f1fc.png?v8","1F1E6 1F1FC","🇦🇼","Flags (country-flag)","Flags","country-flag"
"flag: Ascension Island","https://github.githubassets.com/images/icons/emoji/unicode/1f1e6-1f1e8.png?v8","1F1E6 1F1E8","🇦🇨","Flags (country-flag)","Flags","country-flag"
"keycap: *","https://github.githubassets.com/images/icons/emoji/unicode/002a-20e3.png?v8","002A 20E3","*⃣","Symbols (keycap)","Symbols","keycap"
"astonished face","https://github.githubassets.com/images/icons/emoji/unicode/1f632.png?v8","1F632","😲","Smileys & Emotion (face-concerned)","Smileys & Emotion","face-concerned"
"person","https://github.githubassets.com/images/icons/emoji/unicode/1f9d1-1f680.png?v8","1F9D1","🧑","People & Body (person)","People & Body","person"
"running shoe","https://github.githubassets.com/images/icons/emoji/unicode/1f45f.png?v8","1F45F","👟","Objects (clothing)","Objects","clothing"
"ATM sign","https://github.githubassets.com/images/icons/emoji/unicode/1f3e7.png?v8","1F3E7","🏧","Symbols (transport-sign)","Symbols","transport-sign"
"atom","https://github.githubassets.com/images/icons/emoji/atom.png?v8",undefined,undefined,undefined,undefined,undefined
"atom symbol","https://github.githubassets.com/images/icons/emoji/unicode/269b.png?v8","269B","⚛","Symbols (religion)","Symbols","religion"
"flag: Australia","https://github.githubassets.com/images/icons/emoji/unicode/1f1e6-1f1fa.png?v8","1F1E6 1F1FA","🇦🇺","Flags (country-flag)","Flags","country-flag"
"flag: Austria","https://github.githubassets.com/images/icons/emoji/unicode/1f1e6-1f1f9.png?v8","1F1E6 1F1F9","🇦🇹","Flags (country-flag)","Flags","country-flag"
"auto rickshaw","https://github.githubassets.com/images/icons/emoji/unicode/1f6fa.png?v8","1F6FA","🛺","Travel & Places (transport-ground)","Travel & Places","transport-ground"
"avocado","https://github.githubassets.com/images/icons/emoji/unicode/1f951.png?v8","1F951","🥑","Food & Drink (food-vegetable)","Food & Drink","food-vegetable"
"axe","https://github.githubassets.com/images/icons/emoji/unicode/1fa93.png?v8","1FA93","🪓","Objects (tool)","Objects","tool"
"flag: Azerbaijan","https://github.githubassets.com/images/icons/emoji/unicode/1f1e6-1f1ff.png?v8","1F1E6 1F1FF","🇦🇿","Flags (country-flag)","Flags","country-flag"
"B button (blood type)","https://github.githubassets.com/images/icons/emoji/unicode/1f171.png?v8","1F171","🅱","Symbols (alphanum)","Symbols","alphanum"
"baby","https://github.githubassets.com/images/icons/emoji/unicode/1f476.png?v8","1F476","👶","People & Body (person)","People & Body","person"
"baby bottle","https://github.githubassets.com/images/icons/emoji/unicode/1f37c.png?v8","1F37C","🍼","Food & Drink (drink)","Food & Drink","drink"
"baby chick","https://github.githubassets.com/images/icons/emoji/unicode/1f424.png?v8","1F424","🐤","Animals & Nature (animal-bird)","Animals & Nature","animal-bird"
"baby symbol","https://github.githubassets.com/images/icons/emoji/unicode/1f6bc.png?v8","1F6BC","🚼","Symbols (transport-sign)","Symbols","transport-sign"
"BACK arrow","https://github.githubassets.com/images/icons/emoji/unicode/1f519.png?v8","1F519","🔙","Symbols (arrow)","Symbols","arrow"
"bacon","https://github.githubassets.com/images/icons/emoji/unicode/1f953.png?v8","1F953","🥓","Food & Drink (food-prepared)","Food & Drink","food-prepared"
"badger","https://github.githubassets.com/images/icons/emoji/unicode/1f9a1.png?v8","1F9A1","🦡","Animals & Nature (animal-mammal)","Animals & Nature","animal-mammal"
"badminton","https://github.githubassets.com/images/icons/emoji/unicode/1f3f8.png?v8","1F3F8","🏸","Activities (sport)","Activities","sport"
"bagel","https://github.githubassets.com/images/icons/emoji/unicode/1f96f.png?v8","1F96F","🥯","Food & Drink (food-prepared)","Food & Drink","food-prepared"
"baggage claim","https://github.githubassets.com/images/icons/emoji/unicode/1f6c4.png?v8","1F6C4","🛄","Symbols (transport-sign)","Symbols","transport-sign"
"baguette bread","https://github.githubassets.com/images/icons/emoji/unicode/1f956.png?v8","1F956","🥖","Food & Drink (food-prepared)","Food & Drink","food-prepared"
"flag: Barbados","https://github.githubassets.com/images/icons/emoji/unicode/1f1e7-1f1f8.png?v8","1F1E7 1F1E7","🇧🇧","Flags (country-flag)","Flags","country-flag"
"flag: Barbados","https://github.githubassets.com/images/icons/emoji/unicode/1f1e7-1f1ed.png?v8","1F1E7 1F1E7","🇧🇧","Flags (country-flag)","Flags","country-flag"
"balance scale","https://github.githubassets.com/images/icons/emoji/unicode/2696.png?v8","2696","⚖","Objects (tool)","Objects","tool"
"man","https://github.githubassets.com/images/icons/emoji/unicode/1f468-1f9b2.png?v8","1F468","👨","People & Body (person)","People & Body","person"
"woman","https://github.githubassets.com/images/icons/emoji/unicode/1f469-1f9b2.png?v8","1F469","👩","People & Body (person)","People & Body","person"
"ballet shoes","https://github.githubassets.com/images/icons/emoji/unicode/1fa70.png?v8","1FA70","🩰","Objects (clothing)","Objects","clothing"
"balloon","https://github.githubassets.com/images/icons/emoji/unicode/1f388.png?v8","1F388","🎈","Activities (event)","Activities","event"
"ballot box with ballot","https://github.githubassets.com/images/icons/emoji/unicode/1f5f3.png?v8","1F5F3","🗳","Objects (mail)","Objects","mail"
"check box with check","https://github.githubassets.com/images/icons/emoji/unicode/2611.png?v8","2611","☑","Symbols (other-symbol)","Symbols","other-symbol"
"pine decoration","https://github.githubassets.com/images/icons/emoji/unicode/1f38d.png?v8","1F38D","🎍","Activities (event)","Activities","event"
"banana","https://github.githubassets.com/images/icons/emoji/unicode/1f34c.png?v8","1F34C","🍌","Food & Drink (food-fruit)","Food & Drink","food-fruit"
"double exclamation mark","https://github.githubassets.com/images/icons/emoji/unicode/203c.png?v8","203C","‼","Symbols (other-symbol)","Symbols","other-symbol"
"flag: Barbados","https://github.githubassets.com/images/icons/emoji/unicode/1f1e7-1f1e9.png?v8","1F1E7 1F1E7","🇧🇧","Flags (country-flag)","Flags","country-flag"
"banjo","https://github.githubassets.com/images/icons/emoji/unicode/1fa95.png?v8","1FA95","🪕","Objects (musical-instrument)","Objects","musical-instrument"
"bank","https://github.githubassets.com/images/icons/emoji/unicode/1f3e6.png?v8","1F3E6","🏦","Travel & Places (place-building)","Travel & Places","place-building"
"bar chart","https://github.githubassets.com/images/icons/emoji/unicode/1f4ca.png?v8","1F4CA","📊","Objects (office)","Objects","office"
"flag: Barbados","https://github.githubassets.com/images/icons/emoji/unicode/1f1e7-1f1e7.png?v8","1F1E7 1F1E7","🇧🇧","Flags (country-flag)","Flags","country-flag"
"barber pole","https://github.githubassets.com/images/icons/emoji/unicode/1f488.png?v8","1F488","💈","Travel & Places (place-other)","Travel & Places","place-other"
"baseball","https://github.githubassets.com/images/icons/emoji/unicode/26be.png?v8","26BE","⚾","Activities (sport)","Activities","sport"
"basecamp","https://github.githubassets.com/images/icons/emoji/basecamp.png?v8",undefined,undefined,undefined,undefined,undefined
"basecampy","https://github.githubassets.com/images/icons/emoji/basecampy.png?v8",undefined,undefined,undefined,undefined,undefined
"basket","https://github.githubassets.com/images/icons/emoji/unicode/1f9fa.png?v8","1F9FA","🧺","Objects (household)","Objects","household"
"basketball","https://github.githubassets.com/images/icons/emoji/unicode/1f3c0.png?v8","1F3C0","🏀","Activities (sport)","Activities","sport"
"person bouncing ball","https://github.githubassets.com/images/icons/emoji/unicode/26f9-2642.png?v8","26F9","⛹","People & Body (person-sport)","People & Body","person-sport"
"person bouncing ball","https://github.githubassets.com/images/icons/emoji/unicode/26f9-2640.png?v8","26F9","⛹","People & Body (person-sport)","People & Body","person-sport"
"bat","https://github.githubassets.com/images/icons/emoji/unicode/1f987.png?v8","1F987","🦇","Animals & Nature (animal-mammal)","Animals & Nature","animal-mammal"
"person taking bath","https://github.githubassets.com/images/icons/emoji/unicode/1f6c0.png?v8","1F6C0","🛀","People & Body (person-resting)","People & Body","person-resting"
"bathtub","https://github.githubassets.com/images/icons/emoji/unicode/1f6c1.png?v8","1F6C1","🛁","Objects (household)","Objects","household"
"battery","https://github.githubassets.com/images/icons/emoji/unicode/1f50b.png?v8","1F50B","🔋","Objects (computer)","Objects","computer"
"beach with umbrella","https://github.githubassets.com/images/icons/emoji/unicode/1f3d6.png?v8","1F3D6","🏖","Travel & Places (place-geographic)","Travel & Places","place-geographic"
"bear","https://github.githubassets.com/images/icons/emoji/unicode/1f43b.png?v8","1F43B","🐻","Animals & Nature (animal-mammal)","Animals & Nature","animal-mammal"
"man: beard","https://github.githubassets.com/images/icons/emoji/unicode/1f9d4.png?v8","1F9D4","🧔","People & Body (person)","People & Body","person"
"bed","https://github.githubassets.com/images/icons/emoji/unicode/1f6cf.png?v8","1F6CF","🛏","Objects (household)","Objects","household"
"honeybee","https://github.githubassets.com/images/icons/emoji/unicode/1f41d.png?v8","1F41D","🐝","Animals & Nature (animal-bug)","Animals & Nature","animal-bug"
"beer mug","https://github.githubassets.com/images/icons/emoji/unicode/1f37a.png?v8","1F37A","🍺","Food & Drink (drink)","Food & Drink","drink"
"clinking beer mugs","https://github.githubassets.com/images/icons/emoji/unicode/1f37b.png?v8","1F37B","🍻","Food & Drink (drink)","Food & Drink","drink"
"lady beetle","https://github.githubassets.com/images/icons/emoji/unicode/1f41e.png?v8","1F41E","🐞","Animals & Nature (animal-bug)","Animals & Nature","animal-bug"
"Japanese symbol for beginner","https://github.githubassets.com/images/icons/emoji/unicode/1f530.png?v8","1F530","🔰","Symbols (other-symbol)","Symbols","other-symbol"
"flag: Barbados","https://github.githubassets.com/images/icons/emoji/unicode/1f1e7-1f1fe.png?v8","1F1E7 1F1E7","🇧🇧","Flags (country-flag)","Flags","country-flag"
"flag: Barbados","https://github.githubassets.com/images/icons/emoji/unicode/1f1e7-1f1ea.png?v8","1F1E7 1F1E7","🇧🇧","Flags (country-flag)","Flags","country-flag"
"flag: Barbados","https://github.githubassets.com/images/icons/emoji/unicode/1f1e7-1f1ff.png?v8","1F1E7 1F1E7","🇧🇧","Flags (country-flag)","Flags","country-flag"
"bell","https://github.githubassets.com/images/icons/emoji/unicode/1f514.png?v8","1F514","🔔","Objects (sound)","Objects","sound"
"bellhop bell","https://github.githubassets.com/images/icons/emoji/unicode/1f6ce.png?v8","1F6CE","🛎","Travel & Places (hotel)","Travel & Places","hotel"
"flag: Barbados","https://github.githubassets.com/images/icons/emoji/unicode/1f1e7-1f1ef.png?v8","1F1E7 1F1E7","🇧🇧","Flags (country-flag)","Flags","country-flag"
"bento box","https://github.githubassets.com/images/icons/emoji/unicode/1f371.png?v8","1F371","🍱","Food & Drink (food-asian)","Food & Drink","food-asian"
"flag: Barbados","https://github.githubassets.com/images/icons/emoji/unicode/1f1e7-1f1f2.png?v8","1F1E7 1F1E7","🇧🇧","Flags (country-flag)","Flags","country-flag"
"beverage box","https://github.githubassets.com/images/icons/emoji/unicode/1f9c3.png?v8","1F9C3","🧃","Food & Drink (drink)","Food & Drink","drink"
"flag: Barbados","https://github.githubassets.com/images/icons/emoji/unicode/1f1e7-1f1f9.png?v8","1F1E7 1F1E7","🇧🇧","Flags (country-flag)","Flags","country-flag"
"person biking","https://github.githubassets.com/images/icons/emoji/unicode/1f6b4.png?v8","1F6B4","🚴","People & Body (person-sport)","People & Body","person-sport"
"bicycle","https://github.githubassets.com/images/icons/emoji/unicode/1f6b2.png?v8","1F6B2","🚲","Travel & Places (transport-ground)","Travel & Places","transport-ground"
"person biking","https://github.githubassets.com/images/icons/emoji/unicode/1f6b4-2642.png?v8","1F6B4","🚴","People & Body (person-sport)","People & Body","person-sport"
"person biking","https://github.githubassets.com/images/icons/emoji/unicode/1f6b4-2640.png?v8","1F6B4","🚴","People & Body (person-sport)","People & Body","person-sport"
"bikini","https://github.githubassets.com/images/icons/emoji/unicode/1f459.png?v8","1F459","👙","Objects (clothing)","Objects","clothing"
"billed cap","https://github.githubassets.com/images/icons/emoji/unicode/1f9e2.png?v8","1F9E2","🧢","Objects (clothing)","Objects","clothing"
"biohazard","https://github.githubassets.com/images/icons/emoji/unicode/2623.png?v8","2623","☣","Symbols (warning)","Symbols","warning"
"bird","https://github.githubassets.com/images/icons/emoji/unicode/1f426.png?v8","1F426","🐦","Animals & Nature (animal-bird)","Animals & Nature","animal-bird"
"birthday cake","https://github.githubassets.com/images/icons/emoji/unicode/1f382.png?v8","1F382","🎂","Food & Drink (food-sweet)","Food & Drink","food-sweet"
"black circle","https://github.githubassets.com/images/icons/emoji/unicode/26ab.png?v8","26AB","⚫","Symbols (geometric)","Symbols","geometric"
"black flag","https://github.githubassets.com/images/icons/emoji/unicode/1f3f4.png?v8","1F3F4","🏴","Flags (flag)","Flags","flag"
"black heart","https://github.githubassets.com/images/icons/emoji/unicode/1f5a4.png?v8","1F5A4","🖤","Smileys & Emotion (emotion)","Smileys & Emotion","emotion"
"joker","https://github.githubassets.com/images/icons/emoji/unicode/1f0cf.png?v8","1F0CF","🃏","Activities (game)","Activities","game"
"black large square","https://github.githubassets.com/images/icons/emoji/unicode/2b1b.png?v8","2B1B","⬛","Symbols (geometric)","Symbols","geometric"
"black medium-small square","https://github.githubassets.com/images/icons/emoji/unicode/25fe.png?v8","25FE","◾","Symbols (geometric)","Symbols","geometric"
"black medium square","https://github.githubassets.com/images/icons/emoji/unicode/25fc.png?v8","25FC","◼","Symbols (geometric)","Symbols","geometric"
"black nib","https://github.githubassets.com/images/icons/emoji/unicode/2712.png?v8","2712","✒","Objects (writing)","Objects","writing"
"black small square","https://github.githubassets.com/images/icons/emoji/unicode/25aa.png?v8","25AA","▪","Symbols (geometric)","Symbols","geometric"
"black square button","https://github.githubassets.com/images/icons/emoji/unicode/1f532.png?v8","1F532","🔲","Symbols (geometric)","Symbols","geometric"
"person: blond hair","https://github.githubassets.com/images/icons/emoji/unicode/1f471-2642.png?v8","1F471","👱","People & Body (person)","People & Body","person"
"person: blond hair","https://github.githubassets.com/images/icons/emoji/unicode/1f471.png?v8","1F471","👱","People & Body (person)","People & Body","person"
"person: blond hair","https://github.githubassets.com/images/icons/emoji/unicode/1f471-2640.png?v8","1F471","👱","People & Body (person)","People & Body","person"
"person: blond hair","https://github.githubassets.com/images/icons/emoji/unicode/1f471-2640.png?v8","1F471","👱","People & Body (person)","People & Body","person"
"blossom","https://github.githubassets.com/images/icons/emoji/unicode/1f33c.png?v8","1F33C","🌼","Animals & Nature (plant-flower)","Animals & Nature","plant-flower"
"blowfish","https://github.githubassets.com/images/icons/emoji/unicode/1f421.png?v8","1F421","🐡","Animals & Nature (animal-marine)","Animals & Nature","animal-marine"
"blue book","https://github.githubassets.com/images/icons/emoji/unicode/1f4d8.png?v8","1F4D8","📘","Objects (book-paper)","Objects","book-paper"
"sport utility vehicle","https://github.githubassets.com/images/icons/emoji/unicode/1f699.png?v8","1F699","🚙","Travel & Places (transport-ground)","Travel & Places","transport-ground"
"blue heart","https://github.githubassets.com/images/icons/emoji/unicode/1f499.png?v8","1F499","💙","Smileys & Emotion (emotion)","Smileys & Emotion","emotion"
"blue square","https://github.githubassets.com/images/icons/emoji/unicode/1f7e6.png?v8","1F7E6","🟦","Symbols (geometric)","Symbols","geometric"
"smiling face with smiling eyes","https://github.githubassets.com/images/icons/emoji/unicode/1f60a.png?v8","1F60A","😊","Smileys & Emotion (face-smiling)","Smileys & Emotion","face-smiling"
"boar","https://github.githubassets.com/images/icons/emoji/unicode/1f417.png?v8","1F417","🐗","Animals & Nature (animal-mammal)","Animals & Nature","animal-mammal"
"sailboat","https://github.githubassets.com/images/icons/emoji/unicode/26f5.png?v8","26F5","⛵","Travel & Places (transport-water)","Travel & Places","transport-water"
"flag: Barbados","https://github.githubassets.com/images/icons/emoji/unicode/1f1e7-1f1f4.png?v8","1F1E7 1F1E7","🇧🇧","Flags (country-flag)","Flags","country-flag"
"bomb","https://github.githubassets.com/images/icons/emoji/unicode/1f4a3.png?v8","1F4A3","💣","Smileys & Emotion (emotion)","Smileys & Emotion","emotion"
"bone","https://github.githubassets.com/images/icons/emoji/unicode/1f9b4.png?v8","1F9B4","🦴","People & Body (body-parts)","People & Body","body-parts"
"open book","https://github.githubassets.com/images/icons/emoji/unicode/1f4d6.png?v8","1F4D6","📖","Objects (book-paper)","Objects","book-paper"
"bookmark","https://github.githubassets.com/images/icons/emoji/unicode/1f516.png?v8","1F516","🔖","Objects (book-paper)","Objects","book-paper"
"bookmark tabs","https://github.githubassets.com/images/icons/emoji/unicode/1f4d1.png?v8","1F4D1","📑","Objects (book-paper)","Objects","book-paper"
"books","https://github.githubassets.com/images/icons/emoji/unicode/1f4da.png?v8","1F4DA","📚","Objects (book-paper)","Objects","book-paper"
"collision","https://github.githubassets.com/images/icons/emoji/unicode/1f4a5.png?v8","1F4A5","💥","Smileys & Emotion (emotion)","Smileys & Emotion","emotion"
"woman’s boot","https://github.githubassets.com/images/icons/emoji/unicode/1f462.png?v8","1F462","👢","Objects (clothing)","Objects","clothing"
"flag: Bosnia & Herzegovina","https://github.githubassets.com/images/icons/emoji/unicode/1f1e7-1f1e6.png?v8","1F1E7 1F1E6","🇧🇦","Flags (country-flag)","Flags","country-flag"
"flag: Barbados","https://github.githubassets.com/images/icons/emoji/unicode/1f1e7-1f1fc.png?v8","1F1E7 1F1E7","🇧🇧","Flags (country-flag)","Flags","country-flag"
"person bouncing ball","https://github.githubassets.com/images/icons/emoji/unicode/26f9-2642.png?v8","26F9","⛹","People & Body (person-sport)","People & Body","person-sport"
"person bouncing ball","https://github.githubassets.com/images/icons/emoji/unicode/26f9.png?v8","26F9","⛹","People & Body (person-sport)","People & Body","person-sport"
"person bouncing ball","https://github.githubassets.com/images/icons/emoji/unicode/26f9-2640.png?v8","26F9","⛹","People & Body (person-sport)","People & Body","person-sport"
"bouquet","https://github.githubassets.com/images/icons/emoji/unicode/1f490.png?v8","1F490","💐","Animals & Nature (plant-flower)","Animals & Nature","plant-flower"
"flag: Barbados","https://github.githubassets.com/images/icons/emoji/unicode/1f1e7-1f1fb.png?v8","1F1E7 1F1E7","🇧🇧","Flags (country-flag)","Flags","country-flag"
"person bowing","https://github.githubassets.com/images/icons/emoji/unicode/1f647.png?v8","1F647","🙇","People & Body (person-gesture)","People & Body","person-gesture"
"bow and arrow","https://github.githubassets.com/images/icons/emoji/unicode/1f3f9.png?v8","1F3F9","🏹","Objects (tool)","Objects","tool"
"person bowing","https://github.githubassets.com/images/icons/emoji/unicode/1f647-2642.png?v8","1F647","🙇","People & Body (person-gesture)","People & Body","person-gesture"
"person bowing","https://github.githubassets.com/images/icons/emoji/unicode/1f647-2640.png?v8","1F647","🙇","People & Body (person-gesture)","People & Body","person-gesture"
"bowl with spoon","https://github.githubassets.com/images/icons/emoji/unicode/1f963.png?v8","1F963","🥣","Food & Drink (food-prepared)","Food & Drink","food-prepared"
"bowling","https://github.githubassets.com/images/icons/emoji/unicode/1f3b3.png?v8","1F3B3","🎳","Activities (sport)","Activities","sport"
"bowtie","https://github.githubassets.com/images/icons/emoji/bowtie.png?v8",undefined,undefined,undefined,undefined,undefined
"boxing glove","https://github.githubassets.com/images/icons/emoji/unicode/1f94a.png?v8","1F94A","🥊","Activities (sport)","Activities","sport"
"boy","https://github.githubassets.com/images/icons/emoji/unicode/1f466.png?v8","1F466","👦","People & Body (person)","People & Body","person"
"brain","https://github.githubassets.com/images/icons/emoji/unicode/1f9e0.png?v8","1F9E0","🧠","People & Body (body-parts)","People & Body","body-parts"
"flag: Barbados","https://github.githubassets.com/images/icons/emoji/unicode/1f1e7-1f1f7.png?v8","1F1E7 1F1E7","🇧🇧","Flags (country-flag)","Flags","country-flag"
"bread","https://github.githubassets.com/images/icons/emoji/unicode/1f35e.png?v8","1F35E","🍞","Food & Drink (food-prepared)","Food & Drink","food-prepared"
"breast-feeding","https://github.githubassets.com/images/icons/emoji/unicode/1f931.png?v8","1F931","🤱","People & Body (person-role)","People & Body","person-role"
"brick","https://github.githubassets.com/images/icons/emoji/unicode/1f9f1.png?v8","1F9F1","🧱","Travel & Places (place-building)","Travel & Places","place-building"
"bride with veil","https://github.githubassets.com/images/icons/emoji/unicode/1f470.png?v8","1F470","👰","People & Body (person-role)","People & Body","person-role"
"bridge at night","https://github.githubassets.com/images/icons/emoji/unicode/1f309.png?v8","1F309","🌉","Travel & Places (place-other)","Travel & Places","place-other"
"briefcase","https://github.githubassets.com/images/icons/emoji/unicode/1f4bc.png?v8","1F4BC","💼","Objects (office)","Objects","office"
"flag: British Indian Ocean Territory","https://github.githubassets.com/images/icons/emoji/unicode/1f1ee-1f1f4.png?v8","1F1EE 1F1F4","🇮🇴","Flags (country-flag)","Flags","country-flag"
"flag: Guernsey","https://github.githubassets.com/images/icons/emoji/unicode/1f1fb-1f1ec.png?v8","1F1EC 1F1EC","🇬🇬","Flags (country-flag)","Flags","country-flag"
"broccoli","https://github.githubassets.com/images/icons/emoji/unicode/1f966.png?v8","1F966","🥦","Food & Drink (food-vegetable)","Food & Drink","food-vegetable"
"broken heart","https://github.githubassets.com/images/icons/emoji/unicode/1f494.png?v8","1F494","💔","Smileys & Emotion (emotion)","Smileys & Emotion","emotion"
"broom","https://github.githubassets.com/images/icons/emoji/unicode/1f9f9.png?v8","1F9F9","🧹","Objects (household)","Objects","household"
"brown circle","https://github.githubassets.com/images/icons/emoji/unicode/1f7e4.png?v8","1F7E4","🟤","Symbols (geometric)","Symbols","geometric"
"brown heart","https://github.githubassets.com/images/icons/emoji/unicode/1f90e.png?v8","1F90E","🤎","Smileys & Emotion (emotion)","Smileys & Emotion","emotion"
"brown square","https://github.githubassets.com/images/icons/emoji/unicode/1f7eb.png?v8","1F7EB","🟫","Symbols (geometric)","Symbols","geometric"
"flag: Barbados","https://github.githubassets.com/images/icons/emoji/unicode/1f1e7-1f1f3.png?v8","1F1E7 1F1E7","🇧🇧","Flags (country-flag)","Flags","country-flag"
"bug","https://github.githubassets.com/images/icons/emoji/unicode/1f41b.png?v8","1F41B","🐛","Animals & Nature (animal-bug)","Animals & Nature","animal-bug"
"building construction","https://github.githubassets.com/images/icons/emoji/unicode/1f3d7.png?v8","1F3D7","🏗","Travel & Places (place-building)","Travel & Places","place-building"
"light bulb","https://github.githubassets.com/images/icons/emoji/unicode/1f4a1.png?v8","1F4A1","💡","Objects (light & video)","Objects","light & video"
"flag: Barbados","https://github.githubassets.com/images/icons/emoji/unicode/1f1e7-1f1ec.png?v8","1F1E7 1F1E7","🇧🇧","Flags (country-flag)","Flags","country-flag"
"bullet train","https://github.githubassets.com/images/icons/emoji/unicode/1f685.png?v8","1F685","🚅","Travel & Places (transport-ground)","Travel & Places","transport-ground"
"high-speed train","https://github.githubassets.com/images/icons/emoji/unicode/1f684.png?v8","1F684","🚄","Travel & Places (transport-ground)","Travel & Places","transport-ground"
"flag: Barbados","https://github.githubassets.com/images/icons/emoji/unicode/1f1e7-1f1eb.png?v8","1F1E7 1F1E7","🇧🇧","Flags (country-flag)","Flags","country-flag"
"burrito","https://github.githubassets.com/images/icons/emoji/unicode/1f32f.png?v8","1F32F","🌯","Food & Drink (food-prepared)","Food & Drink","food-prepared"
"flag: Barbados","https://github.githubassets.com/images/icons/emoji/unicode/1f1e7-1f1ee.png?v8","1F1E7 1F1E7","🇧🇧","Flags (country-flag)","Flags","country-flag"
"bus","https://github.githubassets.com/images/icons/emoji/unicode/1f68c.png?v8","1F68C","🚌","Travel & Places (transport-ground)","Travel & Places","transport-ground"
"man in suit levitating","https://github.githubassets.com/images/icons/emoji/unicode/1f574.png?v8","1F574","🕴","People & Body (person-activity)","People & Body","person-activity"
"bus stop","https://github.githubassets.com/images/icons/emoji/unicode/1f68f.png?v8","1F68F","🚏","Travel & Places (transport-ground)","Travel & Places","transport-ground"
"bust in silhouette","https://github.githubassets.com/images/icons/emoji/unicode/1f464.png?v8","1F464","👤","People & Body (person-symbol)","People & Body","person-symbol"
"busts in silhouette","https://github.githubassets.com/images/icons/emoji/unicode/1f465.png?v8","1F465","👥","People & Body (person-symbol)","People & Body","person-symbol"
"butter","https://github.githubassets.com/images/icons/emoji/unicode/1f9c8.png?v8","1F9C8","🧈","Food & Drink (food-prepared)","Food & Drink","food-prepared"
"butterfly","https://github.githubassets.com/images/icons/emoji/unicode/1f98b.png?v8","1F98B","🦋","Animals & Nature (animal-bug)","Animals & Nature","animal-bug"
"cactus","https://github.githubassets.com/images/icons/emoji/unicode/1f335.png?v8","1F335","🌵","Animals & Nature (plant-other)","Animals & Nature","plant-other"
"shortcake","https://github.githubassets.com/images/icons/emoji/unicode/1f370.png?v8","1F370","🍰","Food & Drink (food-sweet)","Food & Drink","food-sweet"
"tear-off calendar","https://github.githubassets.com/images/icons/emoji/unicode/1f4c6.png?v8","1F4C6","📆","Objects (office)","Objects","office"
"call me hand","https://github.githubassets.com/images/icons/emoji/unicode/1f919.png?v8","1F919","🤙","People & Body (hand-fingers-partial)","People & Body","hand-fingers-partial"
"mobile phone with arrow","https://github.githubassets.com/images/icons/emoji/unicode/1f4f2.png?v8","1F4F2","📲","Objects (phone)","Objects","phone"
"flag: Hong Kong SAR China","https://github.githubassets.com/images/icons/emoji/unicode/1f1f0-1f1ed.png?v8","1F1ED 1F1F0","🇭🇰","Flags (country-flag)","Flags","country-flag"
"two-hump camel","https://github.githubassets.com/images/icons/emoji/unicode/1f42b.png?v8","1F42B","🐫","Animals & Nature (animal-mammal)","Animals & Nature","animal-mammal"
"camera","https://github.githubassets.com/images/icons/emoji/unicode/1f4f7.png?v8","1F4F7","📷","Objects (light & video)","Objects","light & video"
"camera with flash","https://github.githubassets.com/images/icons/emoji/unicode/1f4f8.png?v8","1F4F8","📸","Objects (light & video)","Objects","light & video"
"flag: Cocos (Keeling) Islands","https://github.githubassets.com/images/icons/emoji/unicode/1f1e8-1f1f2.png?v8","1F1E8 1F1E8","🇨🇨","Flags (country-flag)","Flags","country-flag"
"camping","https://github.githubassets.com/images/icons/emoji/unicode/1f3d5.png?v8","1F3D5","🏕","Travel & Places (place-geographic)","Travel & Places","place-geographic"
"flag: Ascension Island","https://github.githubassets.com/images/icons/emoji/unicode/1f1e8-1f1e6.png?v8","1F1E6 1F1E8","🇦🇨","Flags (country-flag)","Flags","country-flag"
"flag: Cocos (Keeling) Islands","https://github.githubassets.com/images/icons/emoji/unicode/1f1ee-1f1e8.png?v8","1F1E8 1F1E8","🇨🇨","Flags (country-flag)","Flags","country-flag"
"Cancer","https://github.githubassets.com/images/icons/emoji/unicode/264b.png?v8","264B","♋","Symbols (zodiac)","Symbols","zodiac"
"candle","https://github.githubassets.com/images/icons/emoji/unicode/1f56f.png?v8","1F56F","🕯","Objects (light & video)","Objects","light & video"
"candy","https://github.githubassets.com/images/icons/emoji/unicode/1f36c.png?v8","1F36C","🍬","Food & Drink (food-sweet)","Food & Drink","food-sweet"
"canned food","https://github.githubassets.com/images/icons/emoji/unicode/1f96b.png?v8","1F96B","🥫","Food & Drink (food-prepared)","Food & Drink","food-prepared"
"canoe","https://github.githubassets.com/images/icons/emoji/unicode/1f6f6.png?v8","1F6F6","🛶","Travel & Places (transport-water)","Travel & Places","transport-water"
"flag: Cocos (Keeling) Islands","https://github.githubassets.com/images/icons/emoji/unicode/1f1e8-1f1fb.png?v8","1F1E8 1F1E8","🇨🇨","Flags (country-flag)","Flags","country-flag"
"input latin uppercase","https://github.githubassets.com/images/icons/emoji/unicode/1f520.png?v8","1F520","🔠","Symbols (alphanum)","Symbols","alphanum"
"Capricorn","https://github.githubassets.com/images/icons/emoji/unicode/2651.png?v8","2651","♑","Symbols (zodiac)","Symbols","zodiac"
"automobile","https://github.githubassets.com/images/icons/emoji/unicode/1f697.png?v8","1F697","🚗","Travel & Places (transport-ground)","Travel & Places","transport-ground"
"card file box","https://github.githubassets.com/images/icons/emoji/unicode/1f5c3.png?v8","1F5C3","🗃","Objects (office)","Objects","office"
"card index","https://github.githubassets.com/images/icons/emoji/unicode/1f4c7.png?v8","1F4C7","📇","Objects (office)","Objects","office"
"card index dividers","https://github.githubassets.com/images/icons/emoji/unicode/1f5c2.png?v8","1F5C2","🗂","Objects (office)","Objects","office"
"flag: Barbados","https://github.githubassets.com/images/icons/emoji/unicode/1f1e7-1f1f6.png?v8","1F1E7 1F1E7","🇧🇧","Flags (country-flag)","Flags","country-flag"
"carousel horse","https://github.githubassets.com/images/icons/emoji/unicode/1f3a0.png?v8","1F3A0","🎠","Travel & Places (place-other)","Travel & Places","place-other"
"carrot","https://github.githubassets.com/images/icons/emoji/unicode/1f955.png?v8","1F955","🥕","Food & Drink (food-vegetable)","Food & Drink","food-vegetable"
"person cartwheeling","https://github.githubassets.com/images/icons/emoji/unicode/1f938.png?v8","1F938","🤸","People & Body (person-sport)","People & Body","person-sport"
"cat face","https://github.githubassets.com/images/icons/emoji/unicode/1f431.png?v8","1F431","🐱","Animals & Nature (animal-mammal)","Animals & Nature","animal-mammal"
"cat","https://github.githubassets.com/images/icons/emoji/unicode/1f408.png?v8","1F408","🐈","Animals & Nature (animal-mammal)","Animals & Nature","animal-mammal"
"flag: Cayman Islands","https://github.githubassets.com/images/icons/emoji/unicode/1f1f0-1f1fe.png?v8","1F1F0 1F1FE","🇰🇾","Flags (country-flag)","Flags","country-flag"
"optical disk","https://github.githubassets.com/images/icons/emoji/unicode/1f4bf.png?v8","1F4BF","💿","Objects (computer)","Objects","computer"
"flag: Cocos (Keeling) Islands","https://github.githubassets.com/images/icons/emoji/unicode/1f1e8-1f1eb.png?v8","1F1E8 1F1E8","🇨🇨","Flags (country-flag)","Flags","country-flag"
"flag: United Arab Emirates","https://github.githubassets.com/images/icons/emoji/unicode/1f1ea-1f1e6.png?v8","1F1E6 1F1EA","🇦🇪","Flags (country-flag)","Flags","country-flag"
"flag: Chad","https://github.githubassets.com/images/icons/emoji/unicode/1f1f9-1f1e9.png?v8","1F1F9 1F1E9","🇹🇩","Flags (country-flag)","Flags","country-flag"
"chains","https://github.githubassets.com/images/icons/emoji/unicode/26d3.png?v8","26D3","⛓","Objects (tool)","Objects","tool"
"chair","https://github.githubassets.com/images/icons/emoji/unicode/1fa91.png?v8","1FA91","🪑","Objects (household)","Objects","household"
"bottle with popping cork","https://github.githubassets.com/images/icons/emoji/unicode/1f37e.png?v8","1F37E","🍾","Food & Drink (drink)","Food & Drink","drink"
"chart increasing with yen","https://github.githubassets.com/images/icons/emoji/unicode/1f4b9.png?v8","1F4B9","💹","Objects (money)","Objects","money"
"chart decreasing","https://github.githubassets.com/images/icons/emoji/unicode/1f4c9.png?v8","1F4C9","📉","Objects (office)","Objects","office"
"chart increasing","https://github.githubassets.com/images/icons/emoji/unicode/1f4c8.png?v8","1F4C8","📈","Objects (office)","Objects","office"
"chequered flag","https://github.githubassets.com/images/icons/emoji/unicode/1f3c1.png?v8","1F3C1","🏁","Flags (flag)","Flags","flag"
"cheese wedge","https://github.githubassets.com/images/icons/emoji/unicode/1f9c0.png?v8","1F9C0","🧀","Food & Drink (food-prepared)","Food & Drink","food-prepared"
"cherries","https://github.githubassets.com/images/icons/emoji/unicode/1f352.png?v8","1F352","🍒","Food & Drink (food-fruit)","Food & Drink","food-fruit"
"cherry blossom","https://github.githubassets.com/images/icons/emoji/unicode/1f338.png?v8","1F338","🌸","Animals & Nature (plant-flower)","Animals & Nature","plant-flower"
"chess pawn","https://github.githubassets.com/images/icons/emoji/unicode/265f.png?v8","265F","♟","Activities (game)","Activities","game"
"chestnut","https://github.githubassets.com/images/icons/emoji/unicode/1f330.png?v8","1F330","🌰","Food & Drink (food-vegetable)","Food & Drink","food-vegetable"
"chicken","https://github.githubassets.com/images/icons/emoji/unicode/1f414.png?v8","1F414","🐔","Animals & Nature (animal-bird)","Animals & Nature","animal-bird"
"child","https://github.githubassets.com/images/icons/emoji/unicode/1f9d2.png?v8","1F9D2","🧒","People & Body (person)","People & Body","person"
"children crossing","https://github.githubassets.com/images/icons/emoji/unicode/1f6b8.png?v8","1F6B8","🚸","Symbols (warning)","Symbols","warning"
"flag: Cocos (Keeling) Islands","https://github.githubassets.com/images/icons/emoji/unicode/1f1e8-1f1f1.png?v8","1F1E8 1F1E8","🇨🇨","Flags (country-flag)","Flags","country-flag"
"chipmunk","https://github.githubassets.com/images/icons/emoji/unicode/1f43f.png?v8","1F43F","🐿","Animals & Nature (animal-mammal)","Animals & Nature","animal-mammal"
"chocolate bar","https://github.githubassets.com/images/icons/emoji/unicode/1f36b.png?v8","1F36B","🍫","Food & Drink (food-sweet)","Food & Drink","food-sweet"
"chopsticks","https://github.githubassets.com/images/icons/emoji/unicode/1f962.png?v8","1F962","🥢","Food & Drink (dishware)","Food & Drink","dishware"
"flag: Cocos (Keeling) Islands","https://github.githubassets.com/images/icons/emoji/unicode/1f1e8-1f1fd.png?v8","1F1E8 1F1E8","🇨🇨","Flags (country-flag)","Flags","country-flag"
"Christmas tree","https://github.githubassets.com/images/icons/emoji/unicode/1f384.png?v8","1F384","🎄","Activities (event)","Activities","event"
"church","https://github.githubassets.com/images/icons/emoji/unicode/26ea.png?v8","26EA","⛪","Travel & Places (place-religious)","Travel & Places","place-religious"
"cinema","https://github.githubassets.com/images/icons/emoji/unicode/1f3a6.png?v8","1F3A6","🎦","Symbols (av-symbol)","Symbols","av-symbol"
"circus tent","https://github.githubassets.com/images/icons/emoji/unicode/1f3aa.png?v8","1F3AA","🎪","Travel & Places (place-other)","Travel & Places","place-other"
"sunset","https://github.githubassets.com/images/icons/emoji/unicode/1f307.png?v8","1F307","🌇","Travel & Places (place-other)","Travel & Places","place-other"
"cityscape at dusk","https://github.githubassets.com/images/icons/emoji/unicode/1f306.png?v8","1F306","🌆","Travel & Places (place-other)","Travel & Places","place-other"
"cityscape","https://github.githubassets.com/images/icons/emoji/unicode/1f3d9.png?v8","1F3D9","🏙","Travel & Places (place-other)","Travel & Places","place-other"
"CL button","https://github.githubassets.com/images/icons/emoji/unicode/1f191.png?v8","1F191","🆑","Symbols (alphanum)","Symbols","alphanum"
"clamp","https://github.githubassets.com/images/icons/emoji/unicode/1f5dc.png?v8","1F5DC","🗜","Objects (tool)","Objects","tool"
"clapping hands","https://github.githubassets.com/images/icons/emoji/unicode/1f44f.png?v8","1F44F","👏","People & Body (hands)","People & Body","hands"
"clapper board","https://github.githubassets.com/images/icons/emoji/unicode/1f3ac.png?v8","1F3AC","🎬","Objects (light & video)","Objects","light & video"
"classical building","https://github.githubassets.com/images/icons/emoji/unicode/1f3db.png?v8","1F3DB","🏛","Travel & Places (place-building)","Travel & Places","place-building"
"person climbing","https://github.githubassets.com/images/icons/emoji/unicode/1f9d7.png?v8","1F9D7","🧗","People & Body (person-activity)","People & Body","person-activity"
"person climbing","https://github.githubassets.com/images/icons/emoji/unicode/1f9d7-2642.png?v8","1F9D7","🧗","People & Body (person-activity)","People & Body","person-activity"
"person climbing","https://github.githubassets.com/images/icons/emoji/unicode/1f9d7-2640.png?v8","1F9D7","🧗","People & Body (person-activity)","People & Body","person-activity"
"clinking glasses","https://github.githubassets.com/images/icons/emoji/unicode/1f942.png?v8","1F942","🥂","Food & Drink (drink)","Food & Drink","drink"
"clipboard","https://github.githubassets.com/images/icons/emoji/unicode/1f4cb.png?v8","1F4CB","📋","Objects (office)","Objects","office"
"flag: Cocos (Keeling) Islands","https://github.githubassets.com/images/icons/emoji/unicode/1f1e8-1f1f5.png?v8","1F1E8 1F1E8","🇨🇨","Flags (country-flag)","Flags","country-flag"
"one o’clock","https://github.githubassets.com/images/icons/emoji/unicode/1f550.png?v8","1F550","🕐","Travel & Places (time)","Travel & Places","time"
"ten o’clock","https://github.githubassets.com/images/icons/emoji/unicode/1f559.png?v8","1F559","🕙","Travel & Places (time)","Travel & Places","time"
"ten-thirty","https://github.githubassets.com/images/icons/emoji/unicode/1f565.png?v8","1F565","🕥","Travel & Places (time)","Travel & Places","time"
"eleven o’clock","https://github.githubassets.com/images/icons/emoji/unicode/1f55a.png?v8","1F55A","🕚","Travel & Places (time)","Travel & Places","time"
"eleven-thirty","https://github.githubassets.com/images/icons/emoji/unicode/1f566.png?v8","1F566","🕦","Travel & Places (time)","Travel & Places","time"
"twelve o’clock","https://github.githubassets.com/images/icons/emoji/unicode/1f55b.png?v8","1F55B","🕛","Travel & Places (time)","Travel & Places","time"
"twelve-thirty","https://github.githubassets.com/images/icons/emoji/unicode/1f567.png?v8","1F567","🕧","Travel & Places (time)","Travel & Places","time"
"one-thirty","https://github.githubassets.com/images/icons/emoji/unicode/1f55c.png?v8","1F55C","🕜","Travel & Places (time)","Travel & Places","time"
"two o’clock","https://github.githubassets.com/images/icons/emoji/unicode/1f551.png?v8","1F551","🕑","Travel & Places (time)","Travel & Places","time"
"two-thirty","https://github.githubassets.com/images/icons/emoji/unicode/1f55d.png?v8","1F55D","🕝","Travel & Places (time)","Travel & Places","time"
"three o’clock","https://github.githubassets.com/images/icons/emoji/unicode/1f552.png?v8","1F552","🕒","Travel & Places (time)","Travel & Places","time"
"three-thirty","https://github.githubassets.com/images/icons/emoji/unicode/1f55e.png?v8","1F55E","🕞","Travel & Places (time)","Travel & Places","time"
"four o’clock","https://github.githubassets.com/images/icons/emoji/unicode/1f553.png?v8","1F553","🕓","Travel & Places (time)","Travel & Places","time"
"four-thirty","https://github.githubassets.com/images/icons/emoji/unicode/1f55f.png?v8","1F55F","🕟","Travel & Places (time)","Travel & Places","time"
"five o’clock","https://github.githubassets.com/images/icons/emoji/unicode/1f554.png?v8","1F554","🕔","Travel & Places (time)","Travel & Places","time"
"five-thirty","https://github.githubassets.com/images/icons/emoji/unicode/1f560.png?v8","1F560","🕠","Travel & Places (time)","Travel & Places","time"
"six o’clock","https://github.githubassets.com/images/icons/emoji/unicode/1f555.png?v8","1F555","🕕","Travel & Places (time)","Travel & Places","time"
"six-thirty","https://github.githubassets.com/images/icons/emoji/unicode/1f561.png?v8","1F561","🕡","Travel & Places (time)","Travel & Places","time"
"seven o’clock","https://github.githubassets.com/images/icons/emoji/unicode/1f556.png?v8","1F556","🕖","Travel & Places (time)","Travel & Places","time"
"seven-thirty","https://github.githubassets.com/images/icons/emoji/unicode/1f562.png?v8","1F562","🕢","Travel & Places (time)","Travel & Places","time"
"eight o’clock","https://github.githubassets.com/images/icons/emoji/unicode/1f557.png?v8","1F557","🕗","Travel & Places (time)","Travel & Places","time"
"eight-thirty","https://github.githubassets.com/images/icons/emoji/unicode/1f563.png?v8","1F563","🕣","Travel & Places (time)","Travel & Places","time"
"nine o’clock","https://github.githubassets.com/images/icons/emoji/unicode/1f558.png?v8","1F558","🕘","Travel & Places (time)","Travel & Places","time"
"nine-thirty","https://github.githubassets.com/images/icons/emoji/unicode/1f564.png?v8","1F564","🕤","Travel & Places (time)","Travel & Places","time"
"closed book","https://github.githubassets.com/images/icons/emoji/unicode/1f4d5.png?v8","1F4D5","📕","Objects (book-paper)","Objects","book-paper"
"locked with key","https://github.githubassets.com/images/icons/emoji/unicode/1f510.png?v8","1F510","🔐","Objects (lock)","Objects","lock"
"closed umbrella","https://github.githubassets.com/images/icons/emoji/unicode/1f302.png?v8","1F302","🌂","Travel & Places (sky & weather)","Travel & Places","sky & weather"
"cloud","https://github.githubassets.com/images/icons/emoji/unicode/2601.png?v8","2601","☁","Travel & Places (sky & weather)","Travel & Places","sky & weather"
"cloud with lightning","https://github.githubassets.com/images/icons/emoji/unicode/1f329.png?v8","1F329","🌩","Travel & Places (sky & weather)","Travel & Places","sky & weather"
"cloud with lightning and rain","https://github.githubassets.com/images/icons/emoji/unicode/26c8.png?v8","26C8","⛈","Travel & Places (sky & weather)","Travel & Places","sky & weather"
"cloud with rain","https://github.githubassets.com/images/icons/emoji/unicode/1f327.png?v8","1F327","🌧","Travel & Places (sky & weather)","Travel & Places","sky & weather"
"cloud with snow","https://github.githubassets.com/images/icons/emoji/unicode/1f328.png?v8","1F328","🌨","Travel & Places (sky & weather)","Travel & Places","sky & weather"
"clown face","https://github.githubassets.com/images/icons/emoji/unicode/1f921.png?v8","1F921","🤡","Smileys & Emotion (face-costume)","Smileys & Emotion","face-costume"
"club suit","https://github.githubassets.com/images/icons/emoji/unicode/2663.png?v8","2663","♣","Activities (game)","Activities","game"
"flag: Cocos (Keeling) Islands","https://github.githubassets.com/images/icons/emoji/unicode/1f1e8-1f1f3.png?v8","1F1E8 1F1E8","🇨🇨","Flags (country-flag)","Flags","country-flag"
"coat","https://github.githubassets.com/images/icons/emoji/unicode/1f9e5.png?v8","1F9E5","🧥","Objects (clothing)","Objects","clothing"
"cocktail glass","https://github.githubassets.com/images/icons/emoji/unicode/1f378.png?v8","1F378","🍸","Food & Drink (drink)","Food & Drink","drink"
"coconut","https://github.githubassets.com/images/icons/emoji/unicode/1f965.png?v8","1F965","🥥","Food & Drink (food-fruit)","Food & Drink","food-fruit"
"flag: Cocos (Keeling) Islands","https://github.githubassets.com/images/icons/emoji/unicode/1f1e8-1f1e8.png?v8","1F1E8 1F1E8","🇨🇨","Flags (country-flag)","Flags","country-flag"
"hot beverage","https://github.githubassets.com/images/icons/emoji/unicode/2615.png?v8","2615","☕","Food & Drink (drink)","Food & Drink","drink"
"coffin","https://github.githubassets.com/images/icons/emoji/unicode/26b0.png?v8","26B0","⚰","Objects (other-object)","Objects","other-object"
"cold face","https://github.githubassets.com/images/icons/emoji/unicode/1f976.png?v8","1F976","🥶","Smileys & Emotion (face-unwell)","Smileys & Emotion","face-unwell"
"anxious face with sweat","https://github.githubassets.com/images/icons/emoji/unicode/1f630.png?v8","1F630","😰","Smileys & Emotion (face-concerned)","Smileys & Emotion","face-concerned"
"collision","https://github.githubassets.com/images/icons/emoji/unicode/1f4a5.png?v8","1F4A5","💥","Smileys & Emotion (emotion)","Smileys & Emotion","emotion"
"flag: Cocos (Keeling) Islands","https://github.githubassets.com/images/icons/emoji/unicode/1f1e8-1f1f4.png?v8","1F1E8 1F1E8","🇨🇨","Flags (country-flag)","Flags","country-flag"
"comet","https://github.githubassets.com/images/icons/emoji/unicode/2604.png?v8","2604","☄","Travel & Places (sky & weather)","Travel & Places","sky & weather"
"flag: Comoros","https://github.githubassets.com/images/icons/emoji/unicode/1f1f0-1f1f2.png?v8","1F1F0 1F1F2","🇰🇲","Flags (country-flag)","Flags","country-flag"
"compass","https://github.githubassets.com/images/icons/emoji/unicode/1f9ed.png?v8","1F9ED","🧭","Travel & Places (place-map)","Travel & Places","place-map"
"laptop","https://github.githubassets.com/images/icons/emoji/unicode/1f4bb.png?v8","1F4BB","💻","Objects (computer)","Objects","computer"
"computer mouse","https://github.githubassets.com/images/icons/emoji/unicode/1f5b1.png?v8","1F5B1","🖱","Objects (computer)","Objects","computer"
"confetti ball","https://github.githubassets.com/images/icons/emoji/unicode/1f38a.png?v8","1F38A","🎊","Activities (event)","Activities","event"
"confounded face","https://github.githubassets.com/images/icons/emoji/unicode/1f616.png?v8","1F616","😖","Smileys & Emotion (face-concerned)","Smileys & Emotion","face-concerned"
"confused face","https://github.githubassets.com/images/icons/emoji/unicode/1f615.png?v8","1F615","😕","Smileys & Emotion (face-concerned)","Smileys & Emotion","face-concerned"
"flag: Cocos (Keeling) Islands","https://github.githubassets.com/images/icons/emoji/unicode/1f1e8-1f1ec.png?v8","1F1E8 1F1E8","🇨🇨","Flags (country-flag)","Flags","country-flag"
"flag: Cocos (Keeling) Islands","https://github.githubassets.com/images/icons/emoji/unicode/1f1e8-1f1e9.png?v8","1F1E8 1F1E8","🇨🇨","Flags (country-flag)","Flags","country-flag"
"Japanese “congratulations” button","https://github.githubassets.com/images/icons/emoji/unicode/3297.png?v8","3297","㊗","Symbols (alphanum)","Symbols","alphanum"
"construction","https://github.githubassets.com/images/icons/emoji/unicode/1f6a7.png?v8","1F6A7","🚧","Travel & Places (transport-ground)","Travel & Places","transport-ground"
"construction worker","https://github.githubassets.com/images/icons/emoji/unicode/1f477.png?v8","1F477","👷","People & Body (person-role)","People & Body","person-role"
"construction worker","https://github.githubassets.com/images/icons/emoji/unicode/1f477-2642.png?v8","1F477","👷","People & Body (person-role)","People & Body","person-role"
"construction worker","https://github.githubassets.com/images/icons/emoji/unicode/1f477-2640.png?v8","1F477","👷","People & Body (person-role)","People & Body","person-role"
"control knobs","https://github.githubassets.com/images/icons/emoji/unicode/1f39b.png?v8","1F39B","🎛","Objects (music)","Objects","music"
"convenience store","https://github.githubassets.com/images/icons/emoji/unicode/1f3ea.png?v8","1F3EA","🏪","Travel & Places (place-building)","Travel & Places","place-building"
"person","https://github.githubassets.com/images/icons/emoji/unicode/1f9d1-1f373.png?v8","1F9D1","🧑","People & Body (person)","People & Body","person"
"flag: Cocos (Keeling) Islands","https://github.githubassets.com/images/icons/emoji/unicode/1f1e8-1f1f0.png?v8","1F1E8 1F1E8","🇨🇨","Flags (country-flag)","Flags","country-flag"
"cookie","https://github.githubassets.com/images/icons/emoji/unicode/1f36a.png?v8","1F36A","🍪","Food & Drink (food-sweet)","Food & Drink","food-sweet"
"COOL button","https://github.githubassets.com/images/icons/emoji/unicode/1f192.png?v8","1F192","🆒","Symbols (alphanum)","Symbols","alphanum"
"police officer","https://github.githubassets.com/images/icons/emoji/unicode/1f46e.png?v8","1F46E","👮","People & Body (person-role)","People & Body","person-role"
"copyright","https://github.githubassets.com/images/icons/emoji/unicode/00a9.png?v8","00A9","©","Symbols (other-symbol)","Symbols","other-symbol"
"ear of corn","https://github.githubassets.com/images/icons/emoji/unicode/1f33d.png?v8","1F33D","🌽","Food & Drink (food-vegetable)","Food & Drink","food-vegetable"
"flag: Cocos (Keeling) Islands","https://github.githubassets.com/images/icons/emoji/unicode/1f1e8-1f1f7.png?v8","1F1E8 1F1E8","🇨🇨","Flags (country-flag)","Flags","country-flag"
"flag: Cocos (Keeling) Islands","https://github.githubassets.com/images/icons/emoji/unicode/1f1e8-1f1ee.png?v8","1F1E8 1F1E8","🇨🇨","Flags (country-flag)","Flags","country-flag"
"couch and lamp","https://github.githubassets.com/images/icons/emoji/unicode/1f6cb.png?v8","1F6CB","🛋","Objects (household)","Objects","household"
"woman and man holding hands","https://github.githubassets.com/images/icons/emoji/unicode/1f46b.png?v8","1F46B","👫","People & Body (family)","People & Body","family"
"couple with heart","https://github.githubassets.com/images/icons/emoji/unicode/1f491.png?v8","1F491","💑","People & Body (family)","People & Body","family"
"red heart","https://github.githubassets.com/images/icons/emoji/unicode/1f468-2764-1f468.png?v8","2764","❤","Smileys & Emotion (emotion)","Smileys & Emotion","emotion"
"red heart","https://github.githubassets.com/images/icons/emoji/unicode/1f469-2764-1f468.png?v8","2764","❤","Smileys & Emotion (emotion)","Smileys & Emotion","emotion"
"red heart","https://github.githubassets.com/images/icons/emoji/unicode/1f469-2764-1f469.png?v8","2764","❤","Smileys & Emotion (emotion)","Smileys & Emotion","emotion"
"kiss","https://github.githubassets.com/images/icons/emoji/unicode/1f48f.png?v8","1F48F","💏","People & Body (family)","People & Body","family"
"kiss mark","https://github.githubassets.com/images/icons/emoji/unicode/1f468-2764-1f48b-1f468.png?v8","1F48B","💋","Smileys & Emotion (emotion)","Smileys & Emotion","emotion"
"kiss mark","https://github.githubassets.com/images/icons/emoji/unicode/1f469-2764-1f48b-1f468.png?v8","1F48B","💋","Smileys & Emotion (emotion)","Smileys & Emotion","emotion"
"kiss mark","https://github.githubassets.com/images/icons/emoji/unicode/1f469-2764-1f48b-1f469.png?v8","1F48B","💋","Smileys & Emotion (emotion)","Smileys & Emotion","emotion"
"cow face","https://github.githubassets.com/images/icons/emoji/unicode/1f42e.png?v8","1F42E","🐮","Animals & Nature (animal-mammal)","Animals & Nature","animal-mammal"
"cow","https://github.githubassets.com/images/icons/emoji/unicode/1f404.png?v8","1F404","🐄","Animals & Nature (animal-mammal)","Animals & Nature","animal-mammal"
"cowboy hat face","https://github.githubassets.com/images/icons/emoji/unicode/1f920.png?v8","1F920","🤠","Smileys & Emotion (face-hat)","Smileys & Emotion","face-hat"
"crab","https://github.githubassets.com/images/icons/emoji/unicode/1f980.png?v8","1F980","🦀","Food & Drink (food-marine)","Food & Drink","food-marine"
"crayon","https://github.githubassets.com/images/icons/emoji/unicode/1f58d.png?v8","1F58D","🖍","Objects (writing)","Objects","writing"
"credit card","https://github.githubassets.com/images/icons/emoji/unicode/1f4b3.png?v8","1F4B3","💳","Objects (money)","Objects","money"
"crescent moon","https://github.githubassets.com/images/icons/emoji/unicode/1f319.png?v8","1F319","🌙","Travel & Places (sky & weather)","Travel & Places","sky & weather"
"cricket","https://github.githubassets.com/images/icons/emoji/unicode/1f997.png?v8","1F997","🦗","Animals & Nature (animal-bug)","Animals & Nature","animal-bug"
"cricket game","https://github.githubassets.com/images/icons/emoji/unicode/1f3cf.png?v8","1F3CF","🏏","Activities (sport)","Activities","sport"
"flag: Croatia","https://github.githubassets.com/images/icons/emoji/unicode/1f1ed-1f1f7.png?v8","1F1ED 1F1F7","🇭🇷","Flags (country-flag)","Flags","country-flag"
"crocodile","https://github.githubassets.com/images/icons/emoji/unicode/1f40a.png?v8","1F40A","🐊","Animals & Nature (animal-reptile)","Animals & Nature","animal-reptile"
"croissant","https://github.githubassets.com/images/icons/emoji/unicode/1f950.png?v8","1F950","🥐","Food & Drink (food-prepared)","Food & Drink","food-prepared"
"crossed fingers","https://github.githubassets.com/images/icons/emoji/unicode/1f91e.png?v8","1F91E","🤞","People & Body (hand-fingers-partial)","People & Body","hand-fingers-partial"
"crossed flags","https://github.githubassets.com/images/icons/emoji/unicode/1f38c.png?v8","1F38C","🎌","Flags (flag)","Flags","flag"
"crossed swords","https://github.githubassets.com/images/icons/emoji/unicode/2694.png?v8","2694","⚔","Objects (tool)","Objects","tool"
"crown","https://github.githubassets.com/images/icons/emoji/unicode/1f451.png?v8","1F451","👑","Objects (clothing)","Objects","clothing"
"crying face","https://github.githubassets.com/images/icons/emoji/unicode/1f622.png?v8","1F622","😢","Smileys & Emotion (face-concerned)","Smileys & Emotion","face-concerned"
"crying cat","https://github.githubassets.com/images/icons/emoji/unicode/1f63f.png?v8","1F63F","😿","Smileys & Emotion (cat-face)","Smileys & Emotion","cat-face"
"crystal ball","https://github.githubassets.com/images/icons/emoji/unicode/1f52e.png?v8","1F52E","🔮","Activities (game)","Activities","game"
"flag: Cocos (Keeling) Islands","https://github.githubassets.com/images/icons/emoji/unicode/1f1e8-1f1fa.png?v8","1F1E8 1F1E8","🇨🇨","Flags (country-flag)","Flags","country-flag"
"cucumber","https://github.githubassets.com/images/icons/emoji/unicode/1f952.png?v8","1F952","🥒","Food & Drink (food-vegetable)","Food & Drink","food-vegetable"
"cup with straw","https://github.githubassets.com/images/icons/emoji/unicode/1f964.png?v8","1F964","🥤","Food & Drink (drink)","Food & Drink","drink"
"cupcake","https://github.githubassets.com/images/icons/emoji/unicode/1f9c1.png?v8","1F9C1","🧁","Food & Drink (food-sweet)","Food & Drink","food-sweet"
"heart with arrow","https://github.githubassets.com/images/icons/emoji/unicode/1f498.png?v8","1F498","💘","Smileys & Emotion (emotion)","Smileys & Emotion","emotion"
"flag: Cocos (Keeling) Islands","https://github.githubassets.com/images/icons/emoji/unicode/1f1e8-1f1fc.png?v8","1F1E8 1F1E8","🇨🇨","Flags (country-flag)","Flags","country-flag"
"curling stone","https://github.githubassets.com/images/icons/emoji/unicode/1f94c.png?v8","1F94C","🥌","Activities (sport)","Activities","sport"
"man","https://github.githubassets.com/images/icons/emoji/unicode/1f468-1f9b1.png?v8","1F468","👨","People & Body (person)","People & Body","person"
"woman","https://github.githubassets.com/images/icons/emoji/unicode/1f469-1f9b1.png?v8","1F469","👩","People & Body (person)","People & Body","person"
"curly loop","https://github.githubassets.com/images/icons/emoji/unicode/27b0.png?v8","27B0","➰","Symbols (other-symbol)","Symbols","other-symbol"
"currency exchange","https://github.githubassets.com/images/icons/emoji/unicode/1f4b1.png?v8","1F4B1","💱","Objects (money)","Objects","money"
"curry rice","https://github.githubassets.com/images/icons/emoji/unicode/1f35b.png?v8","1F35B","🍛","Food & Drink (food-asian)","Food & Drink","food-asian"
"face with symbols on mouth","https://github.githubassets.com/images/icons/emoji/unicode/1f92c.png?v8","1F92C","🤬","Smileys & Emotion (face-negative)","Smileys & Emotion","face-negative"
"custard","https://github.githubassets.com/images/icons/emoji/unicode/1f36e.png?v8","1F36E","🍮","Food & Drink (food-sweet)","Food & Drink","food-sweet"
"customs","https://github.githubassets.com/images/icons/emoji/unicode/1f6c3.png?v8","1F6C3","🛃","Symbols (transport-sign)","Symbols","transport-sign"
"cut of meat","https://github.githubassets.com/images/icons/emoji/unicode/1f969.png?v8","1F969","🥩","Food & Drink (food-prepared)","Food & Drink","food-prepared"
"cyclone","https://github.githubassets.com/images/icons/emoji/unicode/1f300.png?v8","1F300","🌀","Travel & Places (sky & weather)","Travel & Places","sky & weather"
"flag: Cocos (Keeling) Islands","https://github.githubassets.com/images/icons/emoji/unicode/1f1e8-1f1fe.png?v8","1F1E8 1F1E8","🇨🇨","Flags (country-flag)","Flags","country-flag"
"flag: Cocos (Keeling) Islands","https://github.githubassets.com/images/icons/emoji/unicode/1f1e8-1f1ff.png?v8","1F1E8 1F1E8","🇨🇨","Flags (country-flag)","Flags","country-flag"
"dagger","https://github.githubassets.com/images/icons/emoji/unicode/1f5e1.png?v8","1F5E1","🗡","Objects (tool)","Objects","tool"
"woman dancing","https://github.githubassets.com/images/icons/emoji/unicode/1f483.png?v8","1F483","💃","People & Body (person-activity)","People & Body","person-activity"
"people with bunny ears","https://github.githubassets.com/images/icons/emoji/unicode/1f46f.png?v8","1F46F","👯","People & Body (person-activity)","People & Body","person-activity"
"people with bunny ears","https://github.githubassets.com/images/icons/emoji/unicode/1f46f-2642.png?v8","1F46F","👯","People & Body (person-activity)","People & Body","person-activity"
"people with bunny ears","https://github.githubassets.com/images/icons/emoji/unicode/1f46f-2640.png?v8","1F46F","👯","People & Body (person-activity)","People & Body","person-activity"
"dango","https://github.githubassets.com/images/icons/emoji/unicode/1f361.png?v8","1F361","🍡","Food & Drink (food-asian)","Food & Drink","food-asian"
"sunglasses","https://github.githubassets.com/images/icons/emoji/unicode/1f576.png?v8","1F576","🕶","Objects (clothing)","Objects","clothing"
"direct hit","https://github.githubassets.com/images/icons/emoji/unicode/1f3af.png?v8","1F3AF","🎯","Activities (game)","Activities","game"
"dashing away","https://github.githubassets.com/images/icons/emoji/unicode/1f4a8.png?v8","1F4A8","💨","Smileys & Emotion (emotion)","Smileys & Emotion","emotion"
"calendar","https://github.githubassets.com/images/icons/emoji/unicode/1f4c5.png?v8","1F4C5","📅","Objects (office)","Objects","office"
"flag: Germany","https://github.githubassets.com/images/icons/emoji/unicode/1f1e9-1f1ea.png?v8","1F1E9 1F1EA","🇩🇪","Flags (country-flag)","Flags","country-flag"
"deaf person","https://github.githubassets.com/images/icons/emoji/unicode/1f9cf-2642.png?v8","1F9CF","🧏","People & Body (person-gesture)","People & Body","person-gesture"
"deaf person","https://github.githubassets.com/images/icons/emoji/unicode/1f9cf.png?v8","1F9CF","🧏","People & Body (person-gesture)","People & Body","person-gesture"
"deaf person","https://github.githubassets.com/images/icons/emoji/unicode/1f9cf-2640.png?v8","1F9CF","🧏","People & Body (person-gesture)","People & Body","person-gesture"
"deciduous tree","https://github.githubassets.com/images/icons/emoji/unicode/1f333.png?v8","1F333","🌳","Animals & Nature (plant-other)","Animals & Nature","plant-other"
"deer","https://github.githubassets.com/images/icons/emoji/unicode/1f98c.png?v8","1F98C","🦌","Animals & Nature (animal-mammal)","Animals & Nature","animal-mammal"
"flag: Denmark","https://github.githubassets.com/images/icons/emoji/unicode/1f1e9-1f1f0.png?v8","1F1E9 1F1F0","🇩🇰","Flags (country-flag)","Flags","country-flag"
"department store","https://github.githubassets.com/images/icons/emoji/unicode/1f3ec.png?v8","1F3EC","🏬","Travel & Places (place-building)","Travel & Places","place-building"
"derelict house","https://github.githubassets.com/images/icons/emoji/unicode/1f3da.png?v8","1F3DA","🏚","Travel & Places (place-building)","Travel & Places","place-building"
"desert","https://github.githubassets.com/images/icons/emoji/unicode/1f3dc.png?v8","1F3DC","🏜","Travel & Places (place-geographic)","Travel & Places","place-geographic"
"desert island","https://github.githubassets.com/images/icons/emoji/unicode/1f3dd.png?v8","1F3DD","🏝","Travel & Places (place-geographic)","Travel & Places","place-geographic"
"desktop computer","https://github.githubassets.com/images/icons/emoji/unicode/1f5a5.png?v8","1F5A5","🖥","Objects (computer)","Objects","computer"
"detective","https://github.githubassets.com/images/icons/emoji/unicode/1f575.png?v8","1F575","🕵","People & Body (person-role)","People & Body","person-role"
"diamond with a dot","https://github.githubassets.com/images/icons/emoji/unicode/1f4a0.png?v8","1F4A0","💠","Symbols (geometric)","Symbols","geometric"
"diamond suit","https://github.githubassets.com/images/icons/emoji/unicode/2666.png?v8","2666","♦","Activities (game)","Activities","game"
"flag: Diego Garcia","https://github.githubassets.com/images/icons/emoji/unicode/1f1e9-1f1ec.png?v8","1F1E9 1F1EC","🇩🇬","Flags (country-flag)","Flags","country-flag"
"disappointed face","https://github.githubassets.com/images/icons/emoji/unicode/1f61e.png?v8","1F61E","😞","Smileys & Emotion (face-concerned)","Smileys & Emotion","face-concerned"
"sad but relieved face","https://github.githubassets.com/images/icons/emoji/unicode/1f625.png?v8","1F625","😥","Smileys & Emotion (face-concerned)","Smileys & Emotion","face-concerned"
"diving mask","https://github.githubassets.com/images/icons/emoji/unicode/1f93f.png?v8","1F93F","🤿","Activities (sport)","Activities","sport"
"diya lamp","https://github.githubassets.com/images/icons/emoji/unicode/1fa94.png?v8","1FA94","🪔","Objects (light & video)","Objects","light & video"
"dizzy","https://github.githubassets.com/images/icons/emoji/unicode/1f4ab.png?v8","1F4AB","💫","Smileys & Emotion (emotion)","Smileys & Emotion","emotion"
"dizzy face","https://github.githubassets.com/images/icons/emoji/unicode/1f635.png?v8","1F635","😵","Smileys & Emotion (face-unwell)","Smileys & Emotion","face-unwell"
"flag: Djibouti","https://github.githubassets.com/images/icons/emoji/unicode/1f1e9-1f1ef.png?v8","1F1E9 1F1EF","🇩🇯","Flags (country-flag)","Flags","country-flag"
"dna","https://github.githubassets.com/images/icons/emoji/unicode/1f9ec.png?v8","1F9EC","🧬","Objects (science)","Objects","science"
"no littering","https://github.githubassets.com/images/icons/emoji/unicode/1f6af.png?v8","1F6AF","🚯","Symbols (warning)","Symbols","warning"
"dog face","https://github.githubassets.com/images/icons/emoji/unicode/1f436.png?v8","1F436","🐶","Animals & Nature (animal-mammal)","Animals & Nature","animal-mammal"
"dog","https://github.githubassets.com/images/icons/emoji/unicode/1f415.png?v8","1F415","🐕","Animals & Nature (animal-mammal)","Animals & Nature","animal-mammal"
"dollar banknote","https://github.githubassets.com/images/icons/emoji/unicode/1f4b5.png?v8","1F4B5","💵","Objects (money)","Objects","money"
"Japanese dolls","https://github.githubassets.com/images/icons/emoji/unicode/1f38e.png?v8","1F38E","🎎","Activities (event)","Activities","event"
"dolphin","https://github.githubassets.com/images/icons/emoji/unicode/1f42c.png?v8","1F42C","🐬","Animals & Nature (animal-marine)","Animals & Nature","animal-marine"
"flag: Dominica","https://github.githubassets.com/images/icons/emoji/unicode/1f1e9-1f1f2.png?v8","1F1E9 1F1F2","🇩🇲","Flags (country-flag)","Flags","country-flag"
"flag: Dominican Republic","https://github.githubassets.com/images/icons/emoji/unicode/1f1e9-1f1f4.png?v8","1F1E9 1F1F4","🇩🇴","Flags (country-flag)","Flags","country-flag"
"door","https://github.githubassets.com/images/icons/emoji/unicode/1f6aa.png?v8","1F6AA","🚪","Objects (household)","Objects","household"
"doughnut","https://github.githubassets.com/images/icons/emoji/unicode/1f369.png?v8","1F369","🍩","Food & Drink (food-sweet)","Food & Drink","food-sweet"
"dove","https://github.githubassets.com/images/icons/emoji/unicode/1f54a.png?v8","1F54A","🕊","Animals & Nature (animal-bird)","Animals & Nature","animal-bird"
"dragon","https://github.githubassets.com/images/icons/emoji/unicode/1f409.png?v8","1F409","🐉","Animals & Nature (animal-reptile)","Animals & Nature","animal-reptile"
"dragon face","https://github.githubassets.com/images/icons/emoji/unicode/1f432.png?v8","1F432","🐲","Animals & Nature (animal-reptile)","Animals & Nature","animal-reptile"
"dress","https://github.githubassets.com/images/icons/emoji/unicode/1f457.png?v8","1F457","👗","Objects (clothing)","Objects","clothing"
"camel","https://github.githubassets.com/images/icons/emoji/unicode/1f42a.png?v8","1F42A","🐪","Animals & Nature (animal-mammal)","Animals & Nature","animal-mammal"
"drooling face","https://github.githubassets.com/images/icons/emoji/unicode/1f924.png?v8","1F924","🤤","Smileys & Emotion (face-sleepy)","Smileys & Emotion","face-sleepy"
"drop of blood","https://github.githubassets.com/images/icons/emoji/unicode/1fa78.png?v8","1FA78","🩸","Objects (medical)","Objects","medical"
"droplet","https://github.githubassets.com/images/icons/emoji/unicode/1f4a7.png?v8","1F4A7","💧","Travel & Places (sky & weather)","Travel & Places","sky & weather"
"drum","https://github.githubassets.com/images/icons/emoji/unicode/1f941.png?v8","1F941","🥁","Objects (musical-instrument)","Objects","musical-instrument"
"duck","https://github.githubassets.com/images/icons/emoji/unicode/1f986.png?v8","1F986","🦆","Animals & Nature (animal-bird)","Animals & Nature","animal-bird"
"dumpling","https://github.githubassets.com/images/icons/emoji/unicode/1f95f.png?v8","1F95F","🥟","Food & Drink (food-asian)","Food & Drink","food-asian"
"dvd","https://github.githubassets.com/images/icons/emoji/unicode/1f4c0.png?v8","1F4C0","📀","Objects (computer)","Objects","computer"
"e-mail","https://github.githubassets.com/images/icons/emoji/unicode/1f4e7.png?v8","1F4E7","📧","Objects (mail)","Objects","mail"
"eagle","https://github.githubassets.com/images/icons/emoji/unicode/1f985.png?v8","1F985","🦅","Animals & Nature (animal-bird)","Animals & Nature","animal-bird"
"ear","https://github.githubassets.com/images/icons/emoji/unicode/1f442.png?v8","1F442","👂","People & Body (body-parts)","People & Body","body-parts"
"sheaf of rice","https://github.githubassets.com/images/icons/emoji/unicode/1f33e.png?v8","1F33E","🌾","Animals & Nature (plant-other)","Animals & Nature","plant-other"
"ear with hearing aid","https://github.githubassets.com/images/icons/emoji/unicode/1f9bb.png?v8","1F9BB","🦻","People & Body (body-parts)","People & Body","body-parts"
"globe showing Europe-Africa","https://github.githubassets.com/images/icons/emoji/unicode/1f30d.png?v8","1F30D","🌍","Travel & Places (place-map)","Travel & Places","place-map"
"globe showing Americas","https://github.githubassets.com/images/icons/emoji/unicode/1f30e.png?v8","1F30E","🌎","Travel & Places (place-map)","Travel & Places","place-map"
"globe showing Asia-Australia","https://github.githubassets.com/images/icons/emoji/unicode/1f30f.png?v8","1F30F","🌏","Travel & Places (place-map)","Travel & Places","place-map"
"flag: Cocos (Keeling) Islands","https://github.githubassets.com/images/icons/emoji/unicode/1f1ea-1f1e8.png?v8","1F1E8 1F1E8","🇨🇨","Flags (country-flag)","Flags","country-flag"
"egg","https://github.githubassets.com/images/icons/emoji/unicode/1f95a.png?v8","1F95A","🥚","Food & Drink (food-prepared)","Food & Drink","food-prepared"
"eggplant","https://github.githubassets.com/images/icons/emoji/unicode/1f346.png?v8","1F346","🍆","Food & Drink (food-vegetable)","Food & Drink","food-vegetable"
"flag: Estonia","https://github.githubassets.com/images/icons/emoji/unicode/1f1ea-1f1ec.png?v8","1F1EA 1F1EA","🇪🇪","Flags (country-flag)","Flags","country-flag"
"keycap: 8","https://github.githubassets.com/images/icons/emoji/unicode/0038-20e3.png?v8","0038 20E3","8⃣","Symbols (keycap)","Symbols","keycap"
"eight-pointed star","https://github.githubassets.com/images/icons/emoji/unicode/2734.png?v8","2734","✴","Symbols (other-symbol)","Symbols","other-symbol"
"eight-spoked asterisk","https://github.githubassets.com/images/icons/emoji/unicode/2733.png?v8","2733","✳","Symbols (other-symbol)","Symbols","other-symbol"
"eject button","https://github.githubassets.com/images/icons/emoji/unicode/23cf.png?v8","23CF","⏏","Symbols (av-symbol)","Symbols","av-symbol"
"flag: South Sudan","https://github.githubassets.com/images/icons/emoji/unicode/1f1f8-1f1fb.png?v8","1F1F8 1F1F8","🇸🇸","Flags (country-flag)","Flags","country-flag"
"electric plug","https://github.githubassets.com/images/icons/emoji/unicode/1f50c.png?v8","1F50C","🔌","Objects (computer)","Objects","computer"
"electron","https://github.githubassets.com/images/icons/emoji/electron.png?v8",undefined,undefined,undefined,undefined,undefined
"elephant","https://github.githubassets.com/images/icons/emoji/unicode/1f418.png?v8","1F418","🐘","Animals & Nature (animal-mammal)","Animals & Nature","animal-mammal"
"elf","https://github.githubassets.com/images/icons/emoji/unicode/1f9dd.png?v8","1F9DD","🧝","People & Body (person-fantasy)","People & Body","person-fantasy"
"elf","https://github.githubassets.com/images/icons/emoji/unicode/1f9dd-2642.png?v8","1F9DD","🧝","People & Body (person-fantasy)","People & Body","person-fantasy"
"elf","https://github.githubassets.com/images/icons/emoji/unicode/1f9dd-2640.png?v8","1F9DD","🧝","People & Body (person-fantasy)","People & Body","person-fantasy"
"envelope","https://github.githubassets.com/images/icons/emoji/unicode/2709.png?v8","2709","✉","Objects (mail)","Objects","mail"
"END arrow","https://github.githubassets.com/images/icons/emoji/unicode/1f51a.png?v8","1F51A","🔚","Symbols (arrow)","Symbols","arrow"
"black flag","https://github.githubassets.com/images/icons/emoji/unicode/1f3f4-e0067-e0062-e0065-e006e-e0067-e007f.png?v8","1F3F4","🏴","Flags (flag)","Flags","flag"
"envelope","https://github.githubassets.com/images/icons/emoji/unicode/2709.png?v8","2709","✉","Objects (mail)","Objects","mail"
"envelope with arrow","https://github.githubassets.com/images/icons/emoji/unicode/1f4e9.png?v8","1F4E9","📩","Objects (mail)","Objects","mail"
"flag: Guernsey","https://github.githubassets.com/images/icons/emoji/unicode/1f1ec-1f1f6.png?v8","1F1EC 1F1EC","🇬🇬","Flags (country-flag)","Flags","country-flag"
"flag: Estonia","https://github.githubassets.com/images/icons/emoji/unicode/1f1ea-1f1f7.png?v8","1F1EA 1F1EA","🇪🇪","Flags (country-flag)","Flags","country-flag"
"flag: Estonia","https://github.githubassets.com/images/icons/emoji/unicode/1f1ea-1f1f8.png?v8","1F1EA 1F1EA","🇪🇪","Flags (country-flag)","Flags","country-flag"
"flag: Estonia","https://github.githubassets.com/images/icons/emoji/unicode/1f1ea-1f1ea.png?v8","1F1EA 1F1EA","🇪🇪","Flags (country-flag)","Flags","country-flag"
"flag: Estonia","https://github.githubassets.com/images/icons/emoji/unicode/1f1ea-1f1f9.png?v8","1F1EA 1F1EA","🇪🇪","Flags (country-flag)","Flags","country-flag"
"flag: Estonia","https://github.githubassets.com/images/icons/emoji/unicode/1f1ea-1f1fa.png?v8","1F1EA 1F1EA","🇪🇪","Flags (country-flag)","Flags","country-flag"
"euro banknote","https://github.githubassets.com/images/icons/emoji/unicode/1f4b6.png?v8","1F4B6","💶","Objects (money)","Objects","money"
"castle","https://github.githubassets.com/images/icons/emoji/unicode/1f3f0.png?v8","1F3F0","🏰","Travel & Places (place-building)","Travel & Places","place-building"
"post office","https://github.githubassets.com/images/icons/emoji/unicode/1f3e4.png?v8","1F3E4","🏤","Travel & Places (place-building)","Travel & Places","place-building"
"flag: Estonia","https://github.githubassets.com/images/icons/emoji/unicode/1f1ea-1f1fa.png?v8","1F1EA 1F1EA","🇪🇪","Flags (country-flag)","Flags","country-flag"
"evergreen tree","https://github.githubassets.com/images/icons/emoji/unicode/1f332.png?v8","1F332","🌲","Animals & Nature (plant-other)","Animals & Nature","plant-other"
"exclamation mark","https://github.githubassets.com/images/icons/emoji/unicode/2757.png?v8","2757","❗","Symbols (other-symbol)","Symbols","other-symbol"
"exploding head","https://github.githubassets.com/images/icons/emoji/unicode/1f92f.png?v8","1F92F","🤯","Smileys & Emotion (face-unwell)","Smileys & Emotion","face-unwell"
"expressionless face","https://github.githubassets.com/images/icons/emoji/unicode/1f611.png?v8","1F611","😑","Smileys & Emotion (face-neutral-skeptical)","Smileys & Emotion","face-neutral-skeptical"
"eye","https://github.githubassets.com/images/icons/emoji/unicode/1f441.png?v8","1F441","👁","People & Body (body-parts)","People & Body","body-parts"
"left speech bubble","https://github.githubassets.com/images/icons/emoji/unicode/1f441-1f5e8.png?v8","1F5E8","🗨","Smileys & Emotion (emotion)","Smileys & Emotion","emotion"
"glasses","https://github.githubassets.com/images/icons/emoji/unicode/1f453.png?v8","1F453","👓","Objects (clothing)","Objects","clothing"
"eyes","https://github.githubassets.com/images/icons/emoji/unicode/1f440.png?v8","1F440","👀","People & Body (body-parts)","People & Body","body-parts"
"face with head-bandage","https://github.githubassets.com/images/icons/emoji/unicode/1f915.png?v8","1F915","🤕","Smileys & Emotion (face-unwell)","Smileys & Emotion","face-unwell"
"face with thermometer","https://github.githubassets.com/images/icons/emoji/unicode/1f912.png?v8","1F912","🤒","Smileys & Emotion (face-unwell)","Smileys & Emotion","face-unwell"
"person facepalming","https://github.githubassets.com/images/icons/emoji/unicode/1f926.png?v8","1F926","🤦","People & Body (person-gesture)","People & Body","person-gesture"
"oncoming fist","https://github.githubassets.com/images/icons/emoji/unicode/1f44a.png?v8","1F44A","👊","People & Body (hand-fingers-closed)","People & Body","hand-fingers-closed"
"factory","https://github.githubassets.com/images/icons/emoji/unicode/1f3ed.png?v8","1F3ED","🏭","Travel & Places (place-building)","Travel & Places","place-building"
"person","https://github.githubassets.com/images/icons/emoji/unicode/1f9d1-1f3ed.png?v8","1F9D1","🧑","People & Body (person)","People & Body","person"
"fairy","https://github.githubassets.com/images/icons/emoji/unicode/1f9da.png?v8","1F9DA","🧚","People & Body (person-fantasy)","People & Body","person-fantasy"
"fairy","https://github.githubassets.com/images/icons/emoji/unicode/1f9da-2642.png?v8","1F9DA","🧚","People & Body (person-fantasy)","People & Body","person-fantasy"
"fairy","https://github.githubassets.com/images/icons/emoji/unicode/1f9da-2640.png?v8","1F9DA","🧚","People & Body (person-fantasy)","People & Body","person-fantasy"
"falafel","https://github.githubassets.com/images/icons/emoji/unicode/1f9c6.png?v8","1F9C6","🧆","Food & Drink (food-prepared)","Food & Drink","food-prepared"
"flag: Falkland Islands","https://github.githubassets.com/images/icons/emoji/unicode/1f1eb-1f1f0.png?v8","1F1EB 1F1F0","🇫🇰","Flags (country-flag)","Flags","country-flag"
"fallen leaf","https://github.githubassets.com/images/icons/emoji/unicode/1f342.png?v8","1F342","🍂","Animals & Nature (plant-other)","Animals & Nature","plant-other"
"family","https://github.githubassets.com/images/icons/emoji/unicode/1f46a.png?v8","1F46A","👪","People & Body (family)","People & Body","family"
"boy","https://github.githubassets.com/images/icons/emoji/unicode/1f468-1f466.png?v8","1F466","👦","People & Body (person)","People & Body","person"
"boy","https://github.githubassets.com/images/icons/emoji/unicode/1f468-1f466-1f466.png?v8","1F466","👦","People & Body (person)","People & Body","person"
"girl","https://github.githubassets.com/images/icons/emoji/unicode/1f468-1f467.png?v8","1F467","👧","People & Body (person)","People & Body","person"
"boy","https://github.githubassets.com/images/icons/emoji/unicode/1f468-1f467-1f466.png?v8","1F466","👦","People & Body (person)","People & Body","person"
"girl","https://github.githubassets.com/images/icons/emoji/unicode/1f468-1f467-1f467.png?v8","1F467","👧","People & Body (person)","People & Body","person"
"boy","https://github.githubassets.com/images/icons/emoji/unicode/1f468-1f468-1f466.png?v8","1F466","👦","People & Body (person)","People & Body","person"
"boy","https://github.githubassets.com/images/icons/emoji/unicode/1f468-1f468-1f466-1f466.png?v8","1F466","👦","People & Body (person)","People & Body","person"
"girl","https://github.githubassets.com/images/icons/emoji/unicode/1f468-1f468-1f467.png?v8","1F467","👧","People & Body (person)","People & Body","person"
"boy","https://github.githubassets.com/images/icons/emoji/unicode/1f468-1f468-1f467-1f466.png?v8","1F466","👦","People & Body (person)","People & Body","person"
"girl","https://github.githubassets.com/images/icons/emoji/unicode/1f468-1f468-1f467-1f467.png?v8","1F467","👧","People & Body (person)","People & Body","person"
"boy","https://github.githubassets.com/images/icons/emoji/unicode/1f468-1f469-1f466.png?v8","1F466","👦","People & Body (person)","People & Body","person"
"boy","https://github.githubassets.com/images/icons/emoji/unicode/1f468-1f469-1f466-1f466.png?v8","1F466","👦","People & Body (person)","People & Body","person"
"girl","https://github.githubassets.com/images/icons/emoji/unicode/1f468-1f469-1f467.png?v8","1F467","👧","People & Body (person)","People & Body","person"
"boy","https://github.githubassets.com/images/icons/emoji/unicode/1f468-1f469-1f467-1f466.png?v8","1F466","👦","People & Body (person)","People & Body","person"
"girl","https://github.githubassets.com/images/icons/emoji/unicode/1f468-1f469-1f467-1f467.png?v8","1F467","👧","People & Body (person)","People & Body","person"
"boy","https://github.githubassets.com/images/icons/emoji/unicode/1f469-1f466.png?v8","1F466","👦","People & Body (person)","People & Body","person"
"boy","https://github.githubassets.com/images/icons/emoji/unicode/1f469-1f466-1f466.png?v8","1F466","👦","People & Body (person)","People & Body","person"
"girl","https://github.githubassets.com/images/icons/emoji/unicode/1f469-1f467.png?v8","1F467","👧","People & Body (person)","People & Body","person"
"boy","https://github.githubassets.com/images/icons/emoji/unicode/1f469-1f467-1f466.png?v8","1F466","👦","People & Body (person)","People & Body","person"
"girl","https://github.githubassets.com/images/icons/emoji/unicode/1f469-1f467-1f467.png?v8","1F467","👧","People & Body (person)","People & Body","person"
"boy","https://github.githubassets.com/images/icons/emoji/unicode/1f469-1f469-1f466.png?v8","1F466","👦","People & Body (person)","People & Body","person"
"boy","https://github.githubassets.com/images/icons/emoji/unicode/1f469-1f469-1f466-1f466.png?v8","1F466","👦","People & Body (person)","People & Body","person"
"girl","https://github.githubassets.com/images/icons/emoji/unicode/1f469-1f469-1f467.png?v8","1F467","👧","People & Body (person)","People & Body","person"
"boy","https://github.githubassets.com/images/icons/emoji/unicode/1f469-1f469-1f467-1f466.png?v8","1F466","👦","People & Body (person)","People & Body","person"
"girl","https://github.githubassets.com/images/icons/emoji/unicode/1f469-1f469-1f467-1f467.png?v8","1F467","👧","People & Body (person)","People & Body","person"
"person","https://github.githubassets.com/images/icons/emoji/unicode/1f9d1-1f33e.png?v8","1F9D1","🧑","People & Body (person)","People & Body","person"
"flag: Faroe Islands","https://github.githubassets.com/images/icons/emoji/unicode/1f1eb-1f1f4.png?v8","1F1EB 1F1F4","🇫🇴","Flags (country-flag)","Flags","country-flag"
"fast-forward button","https://github.githubassets.com/images/icons/emoji/unicode/23e9.png?v8","23E9","⏩","Symbols (av-symbol)","Symbols","av-symbol"
"fax machine","https://github.githubassets.com/images/icons/emoji/unicode/1f4e0.png?v8","1F4E0","📠","Objects (phone)","Objects","phone"
"fearful face","https://github.githubassets.com/images/icons/emoji/unicode/1f628.png?v8","1F628","😨","Smileys & Emotion (face-concerned)","Smileys & Emotion","face-concerned"
"feelsgood","https://github.githubassets.com/images/icons/emoji/feelsgood.png?v8",undefined,undefined,undefined,undefined,undefined
"paw prints","https://github.githubassets.com/images/icons/emoji/unicode/1f43e.png?v8","1F43E","🐾","Animals & Nature (animal-mammal)","Animals & Nature","animal-mammal"
"detective","https://github.githubassets.com/images/icons/emoji/unicode/1f575-2640.png?v8","1F575","🕵","People & Body (person-role)","People & Body","person-role"
"female sign","https://github.githubassets.com/images/icons/emoji/unicode/2640.png?v8","2640","♀","Symbols (gender)","Symbols","gender"
"ferris wheel","https://github.githubassets.com/images/icons/emoji/unicode/1f3a1.png?v8","1F3A1","🎡","Travel & Places (place-other)","Travel & Places","place-other"
"ferry","https://github.githubassets.com/images/icons/emoji/unicode/26f4.png?v8","26F4","⛴","Travel & Places (transport-water)","Travel & Places","transport-water"
"field hockey","https://github.githubassets.com/images/icons/emoji/unicode/1f3d1.png?v8","1F3D1","🏑","Activities (sport)","Activities","sport"
"flag: Fiji","https://github.githubassets.com/images/icons/emoji/unicode/1f1eb-1f1ef.png?v8","1F1EB 1F1EF","🇫🇯","Flags (country-flag)","Flags","country-flag"
"file cabinet","https://github.githubassets.com/images/icons/emoji/unicode/1f5c4.png?v8","1F5C4","🗄","Objects (office)","Objects","office"
"file folder","https://github.githubassets.com/images/icons/emoji/unicode/1f4c1.png?v8","1F4C1","📁","Objects (office)","Objects","office"
"film projector","https://github.githubassets.com/images/icons/emoji/unicode/1f4fd.png?v8","1F4FD","📽","Objects (light & video)","Objects","light & video"
"film frames","https://github.githubassets.com/images/icons/emoji/unicode/1f39e.png?v8","1F39E","🎞","Objects (light & video)","Objects","light & video"
"flag: Finland","https://github.githubassets.com/images/icons/emoji/unicode/1f1eb-1f1ee.png?v8","1F1EB 1F1EE","🇫🇮","Flags (country-flag)","Flags","country-flag"
"finnadie","https://github.githubassets.com/images/icons/emoji/finnadie.png?v8",undefined,undefined,undefined,undefined,undefined
"fire","https://github.githubassets.com/images/icons/emoji/unicode/1f525.png?v8","1F525","🔥","Travel & Places (sky & weather)","Travel & Places","sky & weather"
"fire engine","https://github.githubassets.com/images/icons/emoji/unicode/1f692.png?v8","1F692","🚒","Travel & Places (transport-ground)","Travel & Places","transport-ground"
"fire extinguisher","https://github.githubassets.com/images/icons/emoji/unicode/1f9ef.png?v8","1F9EF","🧯","Objects (household)","Objects","household"
"firecracker","https://github.githubassets.com/images/icons/emoji/unicode/1f9e8.png?v8","1F9E8","🧨","Activities (event)","Activities","event"
"person","https://github.githubassets.com/images/icons/emoji/unicode/1f9d1-1f692.png?v8","1F9D1","🧑","People & Body (person)","People & Body","person"
"fireworks","https://github.githubassets.com/images/icons/emoji/unicode/1f386.png?v8","1F386","🎆","Activities (event)","Activities","event"
"first quarter moon","https://github.githubassets.com/images/icons/emoji/unicode/1f313.png?v8","1F313","🌓","Travel & Places (sky & weather)","Travel & Places","sky & weather"
"first quarter moon face","https://github.githubassets.com/images/icons/emoji/unicode/1f31b.png?v8","1F31B","🌛","Travel & Places (sky & weather)","Travel & Places","sky & weather"
"fish","https://github.githubassets.com/images/icons/emoji/unicode/1f41f.png?v8","1F41F","🐟","Animals & Nature (animal-marine)","Animals & Nature","animal-marine"
"fish cake with swirl","https://github.githubassets.com/images/icons/emoji/unicode/1f365.png?v8","1F365","🍥","Food & Drink (food-asian)","Food & Drink","food-asian"
"fishing pole","https://github.githubassets.com/images/icons/emoji/unicode/1f3a3.png?v8","1F3A3","🎣","Activities (sport)","Activities","sport"
"raised fist","https://github.githubassets.com/images/icons/emoji/unicode/270a.png?v8","270A","✊","People & Body (hand-fingers-closed)","People & Body","hand-fingers-closed"
"left-facing fist","https://github.githubassets.com/images/icons/emoji/unicode/1f91b.png?v8","1F91B","🤛","People & Body (hand-fingers-closed)","People & Body","hand-fingers-closed"
"oncoming fist","https://github.githubassets.com/images/icons/emoji/unicode/1f44a.png?v8","1F44A","👊","People & Body (hand-fingers-closed)","People & Body","hand-fingers-closed"
"raised fist","https://github.githubassets.com/images/icons/emoji/unicode/270a.png?v8","270A","✊","People & Body (hand-fingers-closed)","People & Body","hand-fingers-closed"
"right-facing fist","https://github.githubassets.com/images/icons/emoji/unicode/1f91c.png?v8","1F91C","🤜","People & Body (hand-fingers-closed)","People & Body","hand-fingers-closed"
"keycap: 5","https://github.githubassets.com/images/icons/emoji/unicode/0035-20e3.png?v8","0035 20E3","5⃣","Symbols (keycap)","Symbols","keycap"
"carp streamer","https://github.githubassets.com/images/icons/emoji/unicode/1f38f.png?v8","1F38F","🎏","Activities (event)","Activities","event"
"flamingo","https://github.githubassets.com/images/icons/emoji/unicode/1f9a9.png?v8","1F9A9","🦩","Animals & Nature (animal-bird)","Animals & Nature","animal-bird"
"flashlight","https://github.githubassets.com/images/icons/emoji/unicode/1f526.png?v8","1F526","🔦","Objects (light & video)","Objects","light & video"
"flat shoe","https://github.githubassets.com/images/icons/emoji/unicode/1f97f.png?v8","1F97F","🥿","Objects (clothing)","Objects","clothing"
"fleur-de-lis","https://github.githubassets.com/images/icons/emoji/unicode/269c.png?v8","269C","⚜","Symbols (other-symbol)","Symbols","other-symbol"
"airplane arrival","https://github.githubassets.com/images/icons/emoji/unicode/1f6ec.png?v8","1F6EC","🛬","Travel & Places (transport-air)","Travel & Places","transport-air"
"airplane departure","https://github.githubassets.com/images/icons/emoji/unicode/1f6eb.png?v8","1F6EB","🛫","Travel & Places (transport-air)","Travel & Places","transport-air"
"dolphin","https://github.githubassets.com/images/icons/emoji/unicode/1f42c.png?v8","1F42C","🐬","Animals & Nature (animal-marine)","Animals & Nature","animal-marine"
"floppy disk","https://github.githubassets.com/images/icons/emoji/unicode/1f4be.png?v8","1F4BE","💾","Objects (computer)","Objects","computer"
"flower playing cards","https://github.githubassets.com/images/icons/emoji/unicode/1f3b4.png?v8","1F3B4","🎴","Activities (game)","Activities","game"
"flushed face","https://github.githubassets.com/images/icons/emoji/unicode/1f633.png?v8","1F633","😳","Smileys & Emotion (face-concerned)","Smileys & Emotion","face-concerned"
"flying disc","https://github.githubassets.com/images/icons/emoji/unicode/1f94f.png?v8","1F94F","🥏","Activities (sport)","Activities","sport"
"flying saucer","https://github.githubassets.com/images/icons/emoji/unicode/1f6f8.png?v8","1F6F8","🛸","Travel & Places (transport-air)","Travel & Places","transport-air"
"fog","https://github.githubassets.com/images/icons/emoji/unicode/1f32b.png?v8","1F32B","🌫","Travel & Places (sky & weather)","Travel & Places","sky & weather"
"foggy","https://github.githubassets.com/images/icons/emoji/unicode/1f301.png?v8","1F301","🌁","Travel & Places (place-other)","Travel & Places","place-other"
"foot","https://github.githubassets.com/images/icons/emoji/unicode/1f9b6.png?v8","1F9B6","🦶","People & Body (body-parts)","People & Body","body-parts"
"american football","https://github.githubassets.com/images/icons/emoji/unicode/1f3c8.png?v8","1F3C8","🏈","Activities (sport)","Activities","sport"
"footprints","https://github.githubassets.com/images/icons/emoji/unicode/1f463.png?v8","1F463","👣","People & Body (person-symbol)","People & Body","person-symbol"
"fork and knife","https://github.githubassets.com/images/icons/emoji/unicode/1f374.png?v8","1F374","🍴","Food & Drink (dishware)","Food & Drink","dishware"
"fortune cookie","https://github.githubassets.com/images/icons/emoji/unicode/1f960.png?v8","1F960","🥠","Food & Drink (food-asian)","Food & Drink","food-asian"
"fountain","https://github.githubassets.com/images/icons/emoji/unicode/26f2.png?v8","26F2","⛲","Travel & Places (place-other)","Travel & Places","place-other"
"fountain pen","https://github.githubassets.com/images/icons/emoji/unicode/1f58b.png?v8","1F58B","🖋","Objects (writing)","Objects","writing"
"keycap: 4","https://github.githubassets.com/images/icons/emoji/unicode/0034-20e3.png?v8","0034 20E3","4⃣","Symbols (keycap)","Symbols","keycap"
"four leaf clover","https://github.githubassets.com/images/icons/emoji/unicode/1f340.png?v8","1F340","🍀","Animals & Nature (plant-other)","Animals & Nature","plant-other"
"fox","https://github.githubassets.com/images/icons/emoji/unicode/1f98a.png?v8","1F98A","🦊","Animals & Nature (animal-mammal)","Animals & Nature","animal-mammal"
"flag: France","https://github.githubassets.com/images/icons/emoji/unicode/1f1eb-1f1f7.png?v8","1F1EB 1F1F7","🇫🇷","Flags (country-flag)","Flags","country-flag"
"framed picture","https://github.githubassets.com/images/icons/emoji/unicode/1f5bc.png?v8","1F5BC","🖼","Activities (arts & crafts)","Activities","arts & crafts"
"FREE button","https://github.githubassets.com/images/icons/emoji/unicode/1f193.png?v8","1F193","🆓","Symbols (alphanum)","Symbols","alphanum"
"flag: French Guiana","https://github.githubassets.com/images/icons/emoji/unicode/1f1ec-1f1eb.png?v8","1F1EC 1F1EB","🇬🇫","Flags (country-flag)","Flags","country-flag"
"flag: French Polynesia","https://github.githubassets.com/images/icons/emoji/unicode/1f1f5-1f1eb.png?v8","1F1F5 1F1EB","🇵🇫","Flags (country-flag)","Flags","country-flag"
"flag: French Southern Territories","https://github.githubassets.com/images/icons/emoji/unicode/1f1f9-1f1eb.png?v8","1F1F9 1F1EB","🇹🇫","Flags (country-flag)","Flags","country-flag"
"cooking","https://github.githubassets.com/images/icons/emoji/unicode/1f373.png?v8","1F373","🍳","Food & Drink (food-prepared)","Food & Drink","food-prepared"
"fried shrimp","https://github.githubassets.com/images/icons/emoji/unicode/1f364.png?v8","1F364","🍤","Food & Drink (food-asian)","Food & Drink","food-asian"
"french fries","https://github.githubassets.com/images/icons/emoji/unicode/1f35f.png?v8","1F35F","🍟","Food & Drink (food-prepared)","Food & Drink","food-prepared"
"frog","https://github.githubassets.com/images/icons/emoji/unicode/1f438.png?v8","1F438","🐸","Animals & Nature (animal-amphibian)","Animals & Nature","animal-amphibian"
"frowning face with open mouth","https://github.githubassets.com/images/icons/emoji/unicode/1f626.png?v8","1F626","😦","Smileys & Emotion (face-concerned)","Smileys & Emotion","face-concerned"
"frowning face","https://github.githubassets.com/images/icons/emoji/unicode/2639.png?v8","2639","☹","Smileys & Emotion (face-concerned)","Smileys & Emotion","face-concerned"
"person frowning","https://github.githubassets.com/images/icons/emoji/unicode/1f64d-2642.png?v8","1F64D","🙍","People & Body (person-gesture)","People & Body","person-gesture"
"person frowning","https://github.githubassets.com/images/icons/emoji/unicode/1f64d.png?v8","1F64D","🙍","People & Body (person-gesture)","People & Body","person-gesture"
"person frowning","https://github.githubassets.com/images/icons/emoji/unicode/1f64d-2640.png?v8","1F64D","🙍","People & Body (person-gesture)","People & Body","person-gesture"
"middle finger","https://github.githubassets.com/images/icons/emoji/unicode/1f595.png?v8","1F595","🖕","People & Body (hand-single-finger)","People & Body","hand-single-finger"
"fuel pump","https://github.githubassets.com/images/icons/emoji/unicode/26fd.png?v8","26FD","⛽","Travel & Places (transport-ground)","Travel & Places","transport-ground"
"full moon","https://github.githubassets.com/images/icons/emoji/unicode/1f315.png?v8","1F315","🌕","Travel & Places (sky & weather)","Travel & Places","sky & weather"
"full moon face","https://github.githubassets.com/images/icons/emoji/unicode/1f31d.png?v8","1F31D","🌝","Travel & Places (sky & weather)","Travel & Places","sky & weather"
"funeral urn","https://github.githubassets.com/images/icons/emoji/unicode/26b1.png?v8","26B1","⚱","Objects (other-object)","Objects","other-object"
"flag: Antigua & Barbuda","https://github.githubassets.com/images/icons/emoji/unicode/1f1ec-1f1e6.png?v8","1F1E6 1F1EC","🇦🇬","Flags (country-flag)","Flags","country-flag"
"flag: Guernsey","https://github.githubassets.com/images/icons/emoji/unicode/1f1ec-1f1f2.png?v8","1F1EC 1F1EC","🇬🇬","Flags (country-flag)","Flags","country-flag"
"game die","https://github.githubassets.com/images/icons/emoji/unicode/1f3b2.png?v8","1F3B2","🎲","Activities (game)","Activities","game"
"garlic","https://github.githubassets.com/images/icons/emoji/unicode/1f9c4.png?v8","1F9C4","🧄","Food & Drink (food-vegetable)","Food & Drink","food-vegetable"
"flag: Barbados","https://github.githubassets.com/images/icons/emoji/unicode/1f1ec-1f1e7.png?v8","1F1E7 1F1E7","🇧🇧","Flags (country-flag)","Flags","country-flag"
"gear","https://github.githubassets.com/images/icons/emoji/unicode/2699.png?v8","2699","⚙","Objects (tool)","Objects","tool"
"gem stone","https://github.githubassets.com/images/icons/emoji/unicode/1f48e.png?v8","1F48E","💎","Objects (clothing)","Objects","clothing"
"Gemini","https://github.githubassets.com/images/icons/emoji/unicode/264a.png?v8","264A","♊","Symbols (zodiac)","Symbols","zodiac"
"genie","https://github.githubassets.com/images/icons/emoji/unicode/1f9de.png?v8","1F9DE","🧞","People & Body (person-fantasy)","People & Body","person-fantasy"
"genie","https://github.githubassets.com/images/icons/emoji/unicode/1f9de-2642.png?v8","1F9DE","🧞","People & Body (person-fantasy)","People & Body","person-fantasy"
"genie","https://github.githubassets.com/images/icons/emoji/unicode/1f9de-2640.png?v8","1F9DE","🧞","People & Body (person-fantasy)","People & Body","person-fantasy"
"flag: Estonia","https://github.githubassets.com/images/icons/emoji/unicode/1f1ec-1f1ea.png?v8","1F1EA 1F1EA","🇪🇪","Flags (country-flag)","Flags","country-flag"
"flag: Guernsey","https://github.githubassets.com/images/icons/emoji/unicode/1f1ec-1f1ed.png?v8","1F1EC 1F1EC","🇬🇬","Flags (country-flag)","Flags","country-flag"
"ghost","https://github.githubassets.com/images/icons/emoji/unicode/1f47b.png?v8","1F47B","👻","Smileys & Emotion (face-costume)","Smileys & Emotion","face-costume"
"flag: Guernsey","https://github.githubassets.com/images/icons/emoji/unicode/1f1ec-1f1ee.png?v8","1F1EC 1F1EC","🇬🇬","Flags (country-flag)","Flags","country-flag"
"wrapped gift","https://github.githubassets.com/images/icons/emoji/unicode/1f381.png?v8","1F381","🎁","Activities (event)","Activities","event"
"heart with ribbon","https://github.githubassets.com/images/icons/emoji/unicode/1f49d.png?v8","1F49D","💝","Smileys & Emotion (emotion)","Smileys & Emotion","emotion"
"giraffe","https://github.githubassets.com/images/icons/emoji/unicode/1f992.png?v8","1F992","🦒","Animals & Nature (animal-mammal)","Animals & Nature","animal-mammal"
"girl","https://github.githubassets.com/images/icons/emoji/unicode/1f467.png?v8","1F467","👧","People & Body (person)","People & Body","person"
"globe with meridians","https://github.githubassets.com/images/icons/emoji/unicode/1f310.png?v8","1F310","🌐","Travel & Places (place-map)","Travel & Places","place-map"
"gloves","https://github.githubassets.com/images/icons/emoji/unicode/1f9e4.png?v8","1F9E4","🧤","Objects (clothing)","Objects","clothing"
"goal net","https://github.githubassets.com/images/icons/emoji/unicode/1f945.png?v8","1F945","🥅","Activities (sport)","Activities","sport"
"goat","https://github.githubassets.com/images/icons/emoji/unicode/1f410.png?v8","1F410","🐐","Animals & Nature (animal-mammal)","Animals & Nature","animal-mammal"
"goberserk","https://github.githubassets.com/images/icons/emoji/goberserk.png?v8",undefined,undefined,undefined,undefined,undefined
"godmode","https://github.githubassets.com/images/icons/emoji/godmode.png?v8",undefined,undefined,undefined,undefined,undefined
"goggles","https://github.githubassets.com/images/icons/emoji/unicode/1f97d.png?v8","1F97D","🥽","Objects (clothing)","Objects","clothing"
"flag in hole","https://github.githubassets.com/images/icons/emoji/unicode/26f3.png?v8","26F3","⛳","Activities (sport)","Activities","sport"
"person golfing","https://github.githubassets.com/images/icons/emoji/unicode/1f3cc.png?v8","1F3CC","🏌","People & Body (person-sport)","People & Body","person-sport"
"person golfing","https://github.githubassets.com/images/icons/emoji/unicode/1f3cc-2642.png?v8","1F3CC","🏌","People & Body (person-sport)","People & Body","person-sport"
"person golfing","https://github.githubassets.com/images/icons/emoji/unicode/1f3cc-2640.png?v8","1F3CC","🏌","People & Body (person-sport)","People & Body","person-sport"
"gorilla","https://github.githubassets.com/images/icons/emoji/unicode/1f98d.png?v8","1F98D","🦍","Animals & Nature (animal-mammal)","Animals & Nature","animal-mammal"
"grapes","https://github.githubassets.com/images/icons/emoji/unicode/1f347.png?v8","1F347","🍇","Food & Drink (food-fruit)","Food & Drink","food-fruit"
"flag: Guernsey","https://github.githubassets.com/images/icons/emoji/unicode/1f1ec-1f1f7.png?v8","1F1EC 1F1EC","🇬🇬","Flags (country-flag)","Flags","country-flag"
"green apple","https://github.githubassets.com/images/icons/emoji/unicode/1f34f.png?v8","1F34F","🍏","Food & Drink (food-fruit)","Food & Drink","food-fruit"
"green book","https://github.githubassets.com/images/icons/emoji/unicode/1f4d7.png?v8","1F4D7","📗","Objects (book-paper)","Objects","book-paper"
"green circle","https://github.githubassets.com/images/icons/emoji/unicode/1f7e2.png?v8","1F7E2","🟢","Symbols (geometric)","Symbols","geometric"
"green heart","https://github.githubassets.com/images/icons/emoji/unicode/1f49a.png?v8","1F49A","💚","Smileys & Emotion (emotion)","Smileys & Emotion","emotion"
"green salad","https://github.githubassets.com/images/icons/emoji/unicode/1f957.png?v8","1F957","🥗","Food & Drink (food-prepared)","Food & Drink","food-prepared"
"green square","https://github.githubassets.com/images/icons/emoji/unicode/1f7e9.png?v8","1F7E9","🟩","Symbols (geometric)","Symbols","geometric"
"flag: Guernsey","https://github.githubassets.com/images/icons/emoji/unicode/1f1ec-1f1f1.png?v8","1F1EC 1F1EC","🇬🇬","Flags (country-flag)","Flags","country-flag"
"flag: Diego Garcia","https://github.githubassets.com/images/icons/emoji/unicode/1f1ec-1f1e9.png?v8","1F1E9 1F1EC","🇩🇬","Flags (country-flag)","Flags","country-flag"
"white exclamation mark","https://github.githubassets.com/images/icons/emoji/unicode/2755.png?v8","2755","❕","Symbols (other-symbol)","Symbols","other-symbol"
"white question mark","https://github.githubassets.com/images/icons/emoji/unicode/2754.png?v8","2754","❔","Symbols (other-symbol)","Symbols","other-symbol"
"grimacing face","https://github.githubassets.com/images/icons/emoji/unicode/1f62c.png?v8","1F62C","😬","Smileys & Emotion (face-neutral-skeptical)","Smileys & Emotion","face-neutral-skeptical"
"beaming face with smiling eyes","https://github.githubassets.com/images/icons/emoji/unicode/1f601.png?v8","1F601","😁","Smileys & Emotion (face-smiling)","Smileys & Emotion","face-smiling"
"grinning face","https://github.githubassets.com/images/icons/emoji/unicode/1f600.png?v8","1F600","😀","Smileys & Emotion (face-smiling)","Smileys & Emotion","face-smiling"
"flag: Guernsey","https://github.githubassets.com/images/icons/emoji/unicode/1f1ec-1f1f5.png?v8","1F1EC 1F1EC","🇬🇬","Flags (country-flag)","Flags","country-flag"
"flag: Guernsey","https://github.githubassets.com/images/icons/emoji/unicode/1f1ec-1f1fa.png?v8","1F1EC 1F1EC","🇬🇬","Flags (country-flag)","Flags","country-flag"
"guard","https://github.githubassets.com/images/icons/emoji/unicode/1f482.png?v8","1F482","💂","People & Body (person-role)","People & Body","person-role"
"guard","https://github.githubassets.com/images/icons/emoji/unicode/1f482-2642.png?v8","1F482","💂","People & Body (person-role)","People & Body","person-role"
"guard","https://github.githubassets.com/images/icons/emoji/unicode/1f482-2640.png?v8","1F482","💂","People & Body (person-role)","People & Body","person-role"
"flag: Guernsey","https://github.githubassets.com/images/icons/emoji/unicode/1f1ec-1f1f9.png?v8","1F1EC 1F1EC","🇬🇬","Flags (country-flag)","Flags","country-flag"
"flag: Guernsey","https://github.githubassets.com/images/icons/emoji/unicode/1f1ec-1f1ec.png?v8","1F1EC 1F1EC","🇬🇬","Flags (country-flag)","Flags","country-flag"
"guide dog","https://github.githubassets.com/images/icons/emoji/unicode/1f9ae.png?v8","1F9AE","🦮","Animals & Nature (animal-mammal)","Animals & Nature","animal-mammal"
"flag: Guernsey","https://github.githubassets.com/images/icons/emoji/unicode/1f1ec-1f1f3.png?v8","1F1EC 1F1EC","🇬🇬","Flags (country-flag)","Flags","country-flag"
"flag: Guernsey","https://github.githubassets.com/images/icons/emoji/unicode/1f1ec-1f1fc.png?v8","1F1EC 1F1EC","🇬🇬","Flags (country-flag)","Flags","country-flag"
"guitar","https://github.githubassets.com/images/icons/emoji/unicode/1f3b8.png?v8","1F3B8","🎸","Objects (musical-instrument)","Objects","musical-instrument"
"pistol","https://github.githubassets.com/images/icons/emoji/unicode/1f52b.png?v8","1F52B","🔫","Objects (tool)","Objects","tool"
"flag: Guernsey","https://github.githubassets.com/images/icons/emoji/unicode/1f1ec-1f1fe.png?v8","1F1EC 1F1EC","🇬🇬","Flags (country-flag)","Flags","country-flag"
"person getting haircut","https://github.githubassets.com/images/icons/emoji/unicode/1f487.png?v8","1F487","💇","People & Body (person-activity)","People & Body","person-activity"
"person getting haircut","https://github.githubassets.com/images/icons/emoji/unicode/1f487-2642.png?v8","1F487","💇","People & Body (person-activity)","People & Body","person-activity"
"person getting haircut","https://github.githubassets.com/images/icons/emoji/unicode/1f487-2640.png?v8","1F487","💇","People & Body (person-activity)","People & Body","person-activity"
"flag: Haiti","https://github.githubassets.com/images/icons/emoji/unicode/1f1ed-1f1f9.png?v8","1F1ED 1F1F9","🇭🇹","Flags (country-flag)","Flags","country-flag"
"hamburger","https://github.githubassets.com/images/icons/emoji/unicode/1f354.png?v8","1F354","🍔","Food & Drink (food-prepared)","Food & Drink","food-prepared"
"hammer","https://github.githubassets.com/images/icons/emoji/unicode/1f528.png?v8","1F528","🔨","Objects (tool)","Objects","tool"
"hammer and pick","https://github.githubassets.com/images/icons/emoji/unicode/2692.png?v8","2692","⚒","Objects (tool)","Objects","tool"
"hammer and wrench","https://github.githubassets.com/images/icons/emoji/unicode/1f6e0.png?v8","1F6E0","🛠","Objects (tool)","Objects","tool"
"hamster","https://github.githubassets.com/images/icons/emoji/unicode/1f439.png?v8","1F439","🐹","Animals & Nature (animal-mammal)","Animals & Nature","animal-mammal"
"raised hand","https://github.githubassets.com/images/icons/emoji/unicode/270b.png?v8","270B","✋","People & Body (hand-fingers-open)","People & Body","hand-fingers-open"
"face with hand over mouth","https://github.githubassets.com/images/icons/emoji/unicode/1f92d.png?v8","1F92D","🤭","Smileys & Emotion (face-hand)","Smileys & Emotion","face-hand"
"handbag","https://github.githubassets.com/images/icons/emoji/unicode/1f45c.png?v8","1F45C","👜","Objects (clothing)","Objects","clothing"
"person playing handball","https://github.githubassets.com/images/icons/emoji/unicode/1f93e.png?v8","1F93E","🤾","People & Body (person-sport)","People & Body","person-sport"
"handshake","https://github.githubassets.com/images/icons/emoji/unicode/1f91d.png?v8","1F91D","🤝","People & Body (hands)","People & Body","hands"
"pile of poo","https://github.githubassets.com/images/icons/emoji/unicode/1f4a9.png?v8","1F4A9","💩","Smileys & Emotion (face-costume)","Smileys & Emotion","face-costume"
"keycap: #","https://github.githubassets.com/images/icons/emoji/unicode/0023-20e3.png?v8","0023 20E3","#⃣","Symbols (keycap)","Symbols","keycap"
"front-facing baby chick","https://github.githubassets.com/images/icons/emoji/unicode/1f425.png?v8","1F425","🐥","Animals & Nature (animal-bird)","Animals & Nature","animal-bird"
"hatching chick","https://github.githubassets.com/images/icons/emoji/unicode/1f423.png?v8","1F423","🐣","Animals & Nature (animal-bird)","Animals & Nature","animal-bird"
"headphone","https://github.githubassets.com/images/icons/emoji/unicode/1f3a7.png?v8","1F3A7","🎧","Objects (music)","Objects","music"
"person","https://github.githubassets.com/images/icons/emoji/unicode/1f9d1-2695.png?v8","1F9D1","🧑","People & Body (person)","People & Body","person"
"hear-no-evil monkey","https://github.githubassets.com/images/icons/emoji/unicode/1f649.png?v8","1F649","🙉","Smileys & Emotion (monkey-face)","Smileys & Emotion","monkey-face"
"flag: Heard & McDonald Islands","https://github.githubassets.com/images/icons/emoji/unicode/1f1ed-1f1f2.png?v8","1F1ED 1F1F2","🇭🇲","Flags (country-flag)","Flags","country-flag"
"red heart","https://github.githubassets.com/images/icons/emoji/unicode/2764.png?v8","2764","❤","Smileys & Emotion (emotion)","Smileys & Emotion","emotion"
"heart decoration","https://github.githubassets.com/images/icons/emoji/unicode/1f49f.png?v8","1F49F","💟","Smileys & Emotion (emotion)","Smileys & Emotion","emotion"
"smiling face with heart-eyes","https://github.githubassets.com/images/icons/emoji/unicode/1f60d.png?v8","1F60D","😍","Smileys & Emotion (face-affection)","Smileys & Emotion","face-affection"
"smiling cat with heart-eyes","https://github.githubassets.com/images/icons/emoji/unicode/1f63b.png?v8","1F63B","😻","Smileys & Emotion (cat-face)","Smileys & Emotion","cat-face"
"beating heart","https://github.githubassets.com/images/icons/emoji/unicode/1f493.png?v8","1F493","💓","Smileys & Emotion (emotion)","Smileys & Emotion","emotion"
"growing heart","https://github.githubassets.com/images/icons/emoji/unicode/1f497.png?v8","1F497","💗","Smileys & Emotion (emotion)","Smileys & Emotion","emotion"
"heart suit","https://github.githubassets.com/images/icons/emoji/unicode/2665.png?v8","2665","♥","Activities (game)","Activities","game"
"check mark","https://github.githubassets.com/images/icons/emoji/unicode/2714.png?v8","2714","✔","Symbols (other-symbol)","Symbols","other-symbol"
"division sign","https://github.githubassets.com/images/icons/emoji/unicode/2797.png?v8","2797","➗","Symbols (other-symbol)","Symbols","other-symbol"
"heavy dollar sign","https://github.githubassets.com/images/icons/emoji/unicode/1f4b2.png?v8","1F4B2","💲","Objects (money)","Objects","money"
"exclamation mark","https://github.githubassets.com/images/icons/emoji/unicode/2757.png?v8","2757","❗","Symbols (other-symbol)","Symbols","other-symbol"
"heart exclamation","https://github.githubassets.com/images/icons/emoji/unicode/2763.png?v8","2763","❣","Smileys & Emotion (emotion)","Smileys & Emotion","emotion"
"minus sign","https://github.githubassets.com/images/icons/emoji/unicode/2796.png?v8","2796","➖","Symbols (other-symbol)","Symbols","other-symbol"
"multiplication sign","https://github.githubassets.com/images/icons/emoji/unicode/2716.png?v8","2716","✖","Symbols (other-symbol)","Symbols","other-symbol"
"plus sign","https://github.githubassets.com/images/icons/emoji/unicode/2795.png?v8","2795","➕","Symbols (other-symbol)","Symbols","other-symbol"
"hedgehog","https://github.githubassets.com/images/icons/emoji/unicode/1f994.png?v8","1F994","🦔","Animals & Nature (animal-mammal)","Animals & Nature","animal-mammal"
"helicopter","https://github.githubassets.com/images/icons/emoji/unicode/1f681.png?v8","1F681","🚁","Travel & Places (transport-air)","Travel & Places","transport-air"
"herb","https://github.githubassets.com/images/icons/emoji/unicode/1f33f.png?v8","1F33F","🌿","Animals & Nature (plant-other)","Animals & Nature","plant-other"
"hibiscus","https://github.githubassets.com/images/icons/emoji/unicode/1f33a.png?v8","1F33A","🌺","Animals & Nature (plant-flower)","Animals & Nature","plant-flower"
"bright button","https://github.githubassets.com/images/icons/emoji/unicode/1f506.png?v8","1F506","🔆","Symbols (av-symbol)","Symbols","av-symbol"
"high-heeled shoe","https://github.githubassets.com/images/icons/emoji/unicode/1f460.png?v8","1F460","👠","Objects (clothing)","Objects","clothing"
"hiking boot","https://github.githubassets.com/images/icons/emoji/unicode/1f97e.png?v8","1F97E","🥾","Objects (clothing)","Objects","clothing"
"hindu temple","https://github.githubassets.com/images/icons/emoji/unicode/1f6d5.png?v8","1F6D5","🛕","Travel & Places (place-religious)","Travel & Places","place-religious"
"hippopotamus","https://github.githubassets.com/images/icons/emoji/unicode/1f99b.png?v8","1F99B","🦛","Animals & Nature (animal-mammal)","Animals & Nature","animal-mammal"
"kitchen knife","https://github.githubassets.com/images/icons/emoji/unicode/1f52a.png?v8","1F52A","🔪","Food & Drink (dishware)","Food & Drink","dishware"
"hole","https://github.githubassets.com/images/icons/emoji/unicode/1f573.png?v8","1F573","🕳","Smileys & Emotion (emotion)","Smileys & Emotion","emotion"
"flag: Honduras","https://github.githubassets.com/images/icons/emoji/unicode/1f1ed-1f1f3.png?v8","1F1ED 1F1F3","🇭🇳","Flags (country-flag)","Flags","country-flag"
"honey pot","https://github.githubassets.com/images/icons/emoji/unicode/1f36f.png?v8","1F36F","🍯","Food & Drink (food-sweet)","Food & Drink","food-sweet"
"honeybee","https://github.githubassets.com/images/icons/emoji/unicode/1f41d.png?v8","1F41D","🐝","Animals & Nature (animal-bug)","Animals & Nature","animal-bug"
"flag: Hong Kong SAR China","https://github.githubassets.com/images/icons/emoji/unicode/1f1ed-1f1f0.png?v8","1F1ED 1F1F0","🇭🇰","Flags (country-flag)","Flags","country-flag"
"horse face","https://github.githubassets.com/images/icons/emoji/unicode/1f434.png?v8","1F434","🐴","Animals & Nature (animal-mammal)","Animals & Nature","animal-mammal"
"horse racing","https://github.githubassets.com/images/icons/emoji/unicode/1f3c7.png?v8","1F3C7","🏇","People & Body (person-sport)","People & Body","person-sport"
"hospital","https://github.githubassets.com/images/icons/emoji/unicode/1f3e5.png?v8","1F3E5","🏥","Travel & Places (place-building)","Travel & Places","place-building"
"hot face","https://github.githubassets.com/images/icons/emoji/unicode/1f975.png?v8","1F975","🥵","Smileys & Emotion (face-unwell)","Smileys & Emotion","face-unwell"
"hot pepper","https://github.githubassets.com/images/icons/emoji/unicode/1f336.png?v8","1F336","🌶","Food & Drink (food-vegetable)","Food & Drink","food-vegetable"
"hot dog","https://github.githubassets.com/images/icons/emoji/unicode/1f32d.png?v8","1F32D","🌭","Food & Drink (food-prepared)","Food & Drink","food-prepared"
"hotel","https://github.githubassets.com/images/icons/emoji/unicode/1f3e8.png?v8","1F3E8","🏨","Travel & Places (place-building)","Travel & Places","place-building"
"hot springs","https://github.githubassets.com/images/icons/emoji/unicode/2668.png?v8","2668","♨","Travel & Places (place-other)","Travel & Places","place-other"
"hourglass done","https://github.githubassets.com/images/icons/emoji/unicode/231b.png?v8","231B","⌛","Travel & Places (time)","Travel & Places","time"
"hourglass not done","https://github.githubassets.com/images/icons/emoji/unicode/23f3.png?v8","23F3","⏳","Travel & Places (time)","Travel & Places","time"
"house","https://github.githubassets.com/images/icons/emoji/unicode/1f3e0.png?v8","1F3E0","🏠","Travel & Places (place-building)","Travel & Places","place-building"
"house with garden","https://github.githubassets.com/images/icons/emoji/unicode/1f3e1.png?v8","1F3E1","🏡","Travel & Places (place-building)","Travel & Places","place-building"
"houses","https://github.githubassets.com/images/icons/emoji/unicode/1f3d8.png?v8","1F3D8","🏘","Travel & Places (place-building)","Travel & Places","place-building"
"hugging face","https://github.githubassets.com/images/icons/emoji/unicode/1f917.png?v8","1F917","🤗","Smileys & Emotion (face-hand)","Smileys & Emotion","face-hand"
"flag: Hungary","https://github.githubassets.com/images/icons/emoji/unicode/1f1ed-1f1fa.png?v8","1F1ED 1F1FA","🇭🇺","Flags (country-flag)","Flags","country-flag"
"hurtrealbad","https://github.githubassets.com/images/icons/emoji/hurtrealbad.png?v8",undefined,undefined,undefined,undefined,undefined
"hushed face","https://github.githubassets.com/images/icons/emoji/unicode/1f62f.png?v8","1F62F","😯","Smileys & Emotion (face-concerned)","Smileys & Emotion","face-concerned"
"ice cream","https://github.githubassets.com/images/icons/emoji/unicode/1f368.png?v8","1F368","🍨","Food & Drink (food-sweet)","Food & Drink","food-sweet"
"ice","https://github.githubassets.com/images/icons/emoji/unicode/1f9ca.png?v8","1F9CA","🧊","Food & Drink (drink)","Food & Drink","drink"
"ice hockey","https://github.githubassets.com/images/icons/emoji/unicode/1f3d2.png?v8","1F3D2","🏒","Activities (sport)","Activities","sport"
"ice skate","https://github.githubassets.com/images/icons/emoji/unicode/26f8.png?v8","26F8","⛸","Activities (sport)","Activities","sport"
"soft ice cream","https://github.githubassets.com/images/icons/emoji/unicode/1f366.png?v8","1F366","🍦","Food & Drink (food-sweet)","Food & Drink","food-sweet"
"flag: Iceland","https://github.githubassets.com/images/icons/emoji/unicode/1f1ee-1f1f8.png?v8","1F1EE 1F1F8","🇮🇸","Flags (country-flag)","Flags","country-flag"
"ID button","https://github.githubassets.com/images/icons/emoji/unicode/1f194.png?v8","1F194","🆔","Symbols (alphanum)","Symbols","alphanum"
"Japanese “bargain” button","https://github.githubassets.com/images/icons/emoji/unicode/1f250.png?v8","1F250","🉐","Symbols (alphanum)","Symbols","alphanum"
"angry face with horns","https://github.githubassets.com/images/icons/emoji/unicode/1f47f.png?v8","1F47F","👿","Smileys & Emotion (face-negative)","Smileys & Emotion","face-negative"
"inbox tray","https://github.githubassets.com/images/icons/emoji/unicode/1f4e5.png?v8","1F4E5","📥","Objects (mail)","Objects","mail"
"incoming envelope","https://github.githubassets.com/images/icons/emoji/unicode/1f4e8.png?v8","1F4E8","📨","Objects (mail)","Objects","mail"
"flag: India","https://github.githubassets.com/images/icons/emoji/unicode/1f1ee-1f1f3.png?v8","1F1EE 1F1F3","🇮🇳","Flags (country-flag)","Flags","country-flag"
"flag: Indonesia","https://github.githubassets.com/images/icons/emoji/unicode/1f1ee-1f1e9.png?v8","1F1EE 1F1E9","🇮🇩","Flags (country-flag)","Flags","country-flag"
"infinity","https://github.githubassets.com/images/icons/emoji/unicode/267e.png?v8","267E","♾","Symbols (other-symbol)","Symbols","other-symbol"
"person tipping hand","https://github.githubassets.com/images/icons/emoji/unicode/1f481.png?v8","1F481","💁","People & Body (person-gesture)","People & Body","person-gesture"
"information","https://github.githubassets.com/images/icons/emoji/unicode/2139.png?v8","2139","ℹ","Symbols (alphanum)","Symbols","alphanum"
"smiling face with halo","https://github.githubassets.com/images/icons/emoji/unicode/1f607.png?v8","1F607","😇","Smileys & Emotion (face-smiling)","Smileys & Emotion","face-smiling"
"exclamation question mark","https://github.githubassets.com/images/icons/emoji/unicode/2049.png?v8","2049","⁉","Symbols (other-symbol)","Symbols","other-symbol"
"mobile phone","https://github.githubassets.com/images/icons/emoji/unicode/1f4f1.png?v8","1F4F1","📱","Objects (phone)","Objects","phone"
"flag: Iran","https://github.githubassets.com/images/icons/emoji/unicode/1f1ee-1f1f7.png?v8","1F1EE 1F1F7","🇮🇷","Flags (country-flag)","Flags","country-flag"
"flag: Iraq","https://github.githubassets.com/images/icons/emoji/unicode/1f1ee-1f1f6.png?v8","1F1EE 1F1F6","🇮🇶","Flags (country-flag)","Flags","country-flag"
"flag: Estonia","https://github.githubassets.com/images/icons/emoji/unicode/1f1ee-1f1ea.png?v8","1F1EA 1F1EA","🇪🇪","Flags (country-flag)","Flags","country-flag"
"flag: Isle of Man","https://github.githubassets.com/images/icons/emoji/unicode/1f1ee-1f1f2.png?v8","1F1EE 1F1F2","🇮🇲","Flags (country-flag)","Flags","country-flag"
"flag: Israel","https://github.githubassets.com/images/icons/emoji/unicode/1f1ee-1f1f1.png?v8","1F1EE 1F1F1","🇮🇱","Flags (country-flag)","Flags","country-flag"
"flag: Italy","https://github.githubassets.com/images/icons/emoji/unicode/1f1ee-1f1f9.png?v8","1F1EE 1F1F9","🇮🇹","Flags (country-flag)","Flags","country-flag"
"red paper lantern","https://github.githubassets.com/images/icons/emoji/unicode/1f3ee.png?v8","1F3EE","🏮","Objects (light & video)","Objects","light & video"
"jack-o-lantern","https://github.githubassets.com/images/icons/emoji/unicode/1f383.png?v8","1F383","🎃","Activities (event)","Activities","event"
"flag: Jamaica","https://github.githubassets.com/images/icons/emoji/unicode/1f1ef-1f1f2.png?v8","1F1EF 1F1F2","🇯🇲","Flags (country-flag)","Flags","country-flag"
"map of Japan","https://github.githubassets.com/images/icons/emoji/unicode/1f5fe.png?v8","1F5FE","🗾","Travel & Places (place-map)","Travel & Places","place-map"
"Japanese castle","https://github.githubassets.com/images/icons/emoji/unicode/1f3ef.png?v8","1F3EF","🏯","Travel & Places (place-building)","Travel & Places","place-building"
"goblin","https://github.githubassets.com/images/icons/emoji/unicode/1f47a.png?v8","1F47A","👺","Smileys & Emotion (face-costume)","Smileys & Emotion","face-costume"
"ogre","https://github.githubassets.com/images/icons/emoji/unicode/1f479.png?v8","1F479","👹","Smileys & Emotion (face-costume)","Smileys & Emotion","face-costume"
"jeans","https://github.githubassets.com/images/icons/emoji/unicode/1f456.png?v8","1F456","👖","Objects (clothing)","Objects","clothing"
"flag: Estonia","https://github.githubassets.com/images/icons/emoji/unicode/1f1ef-1f1ea.png?v8","1F1EA 1F1EA","🇪🇪","Flags (country-flag)","Flags","country-flag"
"puzzle piece","https://github.githubassets.com/images/icons/emoji/unicode/1f9e9.png?v8","1F9E9","🧩","Activities (game)","Activities","game"
"flag: Jordan","https://github.githubassets.com/images/icons/emoji/unicode/1f1ef-1f1f4.png?v8","1F1EF 1F1F4","🇯🇴","Flags (country-flag)","Flags","country-flag"
"face with tears of joy","https://github.githubassets.com/images/icons/emoji/unicode/1f602.png?v8","1F602","😂","Smileys & Emotion (face-smiling)","Smileys & Emotion","face-smiling"
"cat with tears of joy","https://github.githubassets.com/images/icons/emoji/unicode/1f639.png?v8","1F639","😹","Smileys & Emotion (cat-face)","Smileys & Emotion","cat-face"
"joystick","https://github.githubassets.com/images/icons/emoji/unicode/1f579.png?v8","1F579","🕹","Activities (game)","Activities","game"
"flag: Japan","https://github.githubassets.com/images/icons/emoji/unicode/1f1ef-1f1f5.png?v8","1F1EF 1F1F5","🇯🇵","Flags (country-flag)","Flags","country-flag"
"person","https://github.githubassets.com/images/icons/emoji/unicode/1f9d1-2696.png?v8","1F9D1","🧑","People & Body (person)","People & Body","person"
"person juggling","https://github.githubassets.com/images/icons/emoji/unicode/1f939.png?v8","1F939","🤹","People & Body (person-sport)","People & Body","person-sport"
"kaaba","https://github.githubassets.com/images/icons/emoji/unicode/1f54b.png?v8","1F54B","🕋","Travel & Places (place-religious)","Travel & Places","place-religious"
"kangaroo","https://github.githubassets.com/images/icons/emoji/unicode/1f998.png?v8","1F998","🦘","Animals & Nature (animal-mammal)","Animals & Nature","animal-mammal"
"flag: Kazakhstan","https://github.githubassets.com/images/icons/emoji/unicode/1f1f0-1f1ff.png?v8","1F1F0 1F1FF","🇰🇿","Flags (country-flag)","Flags","country-flag"
"flag: Estonia","https://github.githubassets.com/images/icons/emoji/unicode/1f1f0-1f1ea.png?v8","1F1EA 1F1EA","🇪🇪","Flags (country-flag)","Flags","country-flag"
"key","https://github.githubassets.com/images/icons/emoji/unicode/1f511.png?v8","1F511","🔑","Objects (lock)","Objects","lock"
"keyboard","https://github.githubassets.com/images/icons/emoji/unicode/2328.png?v8","2328","⌨","Objects (computer)","Objects","computer"
"keycap: 10","https://github.githubassets.com/images/icons/emoji/unicode/1f51f.png?v8","1F51F","🔟","Symbols (keycap)","Symbols","keycap"
"kick scooter","https://github.githubassets.com/images/icons/emoji/unicode/1f6f4.png?v8","1F6F4","🛴","Travel & Places (transport-ground)","Travel & Places","transport-ground"
"kimono","https://github.githubassets.com/images/icons/emoji/unicode/1f458.png?v8","1F458","👘","Objects (clothing)","Objects","clothing"
"flag: Kiribati","https://github.githubassets.com/images/icons/emoji/unicode/1f1f0-1f1ee.png?v8","1F1F0 1F1EE","🇰🇮","Flags (country-flag)","Flags","country-flag"
"kiss mark","https://github.githubassets.com/images/icons/emoji/unicode/1f48b.png?v8","1F48B","💋","Smileys & Emotion (emotion)","Smileys & Emotion","emotion"
"kissing face","https://github.githubassets.com/images/icons/emoji/unicode/1f617.png?v8","1F617","😗","Smileys & Emotion (face-affection)","Smileys & Emotion","face-affection"
"kissing cat","https://github.githubassets.com/images/icons/emoji/unicode/1f63d.png?v8","1F63D","😽","Smileys & Emotion (cat-face)","Smileys & Emotion","cat-face"
"kissing face with closed eyes","https://github.githubassets.com/images/icons/emoji/unicode/1f61a.png?v8","1F61A","😚","Smileys & Emotion (face-affection)","Smileys & Emotion","face-affection"
"face blowing a kiss","https://github.githubassets.com/images/icons/emoji/unicode/1f618.png?v8","1F618","😘","Smileys & Emotion (face-affection)","Smileys & Emotion","face-affection"
"kissing face with smiling eyes","https://github.githubassets.com/images/icons/emoji/unicode/1f619.png?v8","1F619","😙","Smileys & Emotion (face-affection)","Smileys & Emotion","face-affection"
"kite","https://github.githubassets.com/images/icons/emoji/unicode/1fa81.png?v8","1FA81","🪁","Activities (game)","Activities","game"
"kiwi fruit","https://github.githubassets.com/images/icons/emoji/unicode/1f95d.png?v8","1F95D","🥝","Food & Drink (food-fruit)","Food & Drink","food-fruit"
"person kneeling","https://github.githubassets.com/images/icons/emoji/unicode/1f9ce-2642.png?v8","1F9CE","🧎","People & Body (person-activity)","People & Body","person-activity"
"person kneeling","https://github.githubassets.com/images/icons/emoji/unicode/1f9ce.png?v8","1F9CE","🧎","People & Body (person-activity)","People & Body","person-activity"
"person kneeling","https://github.githubassets.com/images/icons/emoji/unicode/1f9ce-2640.png?v8","1F9CE","🧎","People & Body (person-activity)","People & Body","person-activity"
"kitchen knife","https://github.githubassets.com/images/icons/emoji/unicode/1f52a.png?v8","1F52A","🔪","Food & Drink (dishware)","Food & Drink","dishware"
"koala","https://github.githubassets.com/images/icons/emoji/unicode/1f428.png?v8","1F428","🐨","Animals & Nature (animal-mammal)","Animals & Nature","animal-mammal"
"Japanese “here” button","https://github.githubassets.com/images/icons/emoji/unicode/1f201.png?v8","1F201","🈁","Symbols (alphanum)","Symbols","alphanum"
"flag: Kosovo","https://github.githubassets.com/images/icons/emoji/unicode/1f1fd-1f1f0.png?v8","1F1FD 1F1F0","🇽🇰","Flags (country-flag)","Flags","country-flag"
"flag: South Korea","https://github.githubassets.com/images/icons/emoji/unicode/1f1f0-1f1f7.png?v8","1F1F0 1F1F7","🇰🇷","Flags (country-flag)","Flags","country-flag"
"flag: Kuwait","https://github.githubassets.com/images/icons/emoji/unicode/1f1f0-1f1fc.png?v8","1F1F0 1F1FC","🇰🇼","Flags (country-flag)","Flags","country-flag"
"flag: Guernsey","https://github.githubassets.com/images/icons/emoji/unicode/1f1f0-1f1ec.png?v8","1F1EC 1F1EC","🇬🇬","Flags (country-flag)","Flags","country-flag"
"lab coat","https://github.githubassets.com/images/icons/emoji/unicode/1f97c.png?v8","1F97C","🥼","Objects (clothing)","Objects","clothing"
"label","https://github.githubassets.com/images/icons/emoji/unicode/1f3f7.png?v8","1F3F7","🏷","Objects (book-paper)","Objects","book-paper"
"lacrosse","https://github.githubassets.com/images/icons/emoji/unicode/1f94d.png?v8","1F94D","🥍","Activities (sport)","Activities","sport"
"red paper lantern","https://github.githubassets.com/images/icons/emoji/unicode/1f3ee.png?v8","1F3EE","🏮","Objects (light & video)","Objects","light & video"
"flag: Albania","https://github.githubassets.com/images/icons/emoji/unicode/1f1f1-1f1e6.png?v8","1F1E6 1F1F1","🇦🇱","Flags (country-flag)","Flags","country-flag"
"blue circle","https://github.githubassets.com/images/icons/emoji/unicode/1f535.png?v8","1F535","🔵","Symbols (geometric)","Symbols","geometric"
"large blue diamond","https://github.githubassets.com/images/icons/emoji/unicode/1f537.png?v8","1F537","🔷","Symbols (geometric)","Symbols","geometric"
"large orange diamond","https://github.githubassets.com/images/icons/emoji/unicode/1f536.png?v8","1F536","🔶","Symbols (geometric)","Symbols","geometric"
"last quarter moon","https://github.githubassets.com/images/icons/emoji/unicode/1f317.png?v8","1F317","🌗","Travel & Places (sky & weather)","Travel & Places","sky & weather"
"last quarter moon face","https://github.githubassets.com/images/icons/emoji/unicode/1f31c.png?v8","1F31C","🌜","Travel & Places (sky & weather)","Travel & Places","sky & weather"
"latin cross","https://github.githubassets.com/images/icons/emoji/unicode/271d.png?v8","271D","✝","Symbols (religion)","Symbols","religion"
"flag: Latvia","https://github.githubassets.com/images/icons/emoji/unicode/1f1f1-1f1fb.png?v8","1F1F1 1F1FB","🇱🇻","Flags (country-flag)","Flags","country-flag"
"grinning squinting face","https://github.githubassets.com/images/icons/emoji/unicode/1f606.png?v8","1F606","😆","Smileys & Emotion (face-smiling)","Smileys & Emotion","face-smiling"
"leafy green","https://github.githubassets.com/images/icons/emoji/unicode/1f96c.png?v8","1F96C","🥬","Food & Drink (food-vegetable)","Food & Drink","food-vegetable"
"leaf fluttering in wind","https://github.githubassets.com/images/icons/emoji/unicode/1f343.png?v8","1F343","🍃","Animals & Nature (plant-other)","Animals & Nature","plant-other"
"flag: Barbados","https://github.githubassets.com/images/icons/emoji/unicode/1f1f1-1f1e7.png?v8","1F1E7 1F1E7","🇧🇧","Flags (country-flag)","Flags","country-flag"
"ledger","https://github.githubassets.com/images/icons/emoji/unicode/1f4d2.png?v8","1F4D2","📒","Objects (book-paper)","Objects","book-paper"
"left luggage","https://github.githubassets.com/images/icons/emoji/unicode/1f6c5.png?v8","1F6C5","🛅","Symbols (transport-sign)","Symbols","transport-sign"
"left-right arrow","https://github.githubassets.com/images/icons/emoji/unicode/2194.png?v8","2194","↔","Symbols (arrow)","Symbols","arrow"
"left speech bubble","https://github.githubassets.com/images/icons/emoji/unicode/1f5e8.png?v8","1F5E8","🗨","Smileys & Emotion (emotion)","Smileys & Emotion","emotion"
"right arrow curving left","https://github.githubassets.com/images/icons/emoji/unicode/21a9.png?v8","21A9","↩","Symbols (arrow)","Symbols","arrow"
"leg","https://github.githubassets.com/images/icons/emoji/unicode/1f9b5.png?v8","1F9B5","🦵","People & Body (body-parts)","People & Body","body-parts"
"lemon","https://github.githubassets.com/images/icons/emoji/unicode/1f34b.png?v8","1F34B","🍋","Food & Drink (food-fruit)","Food & Drink","food-fruit"
"Leo","https://github.githubassets.com/images/icons/emoji/unicode/264c.png?v8","264C","♌","Symbols (zodiac)","Symbols","zodiac"
"leopard","https://github.githubassets.com/images/icons/emoji/unicode/1f406.png?v8","1F406","🐆","Animals & Nature (animal-mammal)","Animals & Nature","animal-mammal"
"flag: Lesotho","https://github.githubassets.com/images/icons/emoji/unicode/1f1f1-1f1f8.png?v8","1F1F1 1F1F8","🇱🇸","Flags (country-flag)","Flags","country-flag"
"level slider","https://github.githubassets.com/images/icons/emoji/unicode/1f39a.png?v8","1F39A","🎚","Objects (music)","Objects","music"
"flag: Liberia","https://github.githubassets.com/images/icons/emoji/unicode/1f1f1-1f1f7.png?v8","1F1F1 1F1F7","🇱🇷","Flags (country-flag)","Flags","country-flag"
"Libra","https://github.githubassets.com/images/icons/emoji/unicode/264e.png?v8","264E","♎","Symbols (zodiac)","Symbols","zodiac"
"flag: Libya","https://github.githubassets.com/images/icons/emoji/unicode/1f1f1-1f1fe.png?v8","1F1F1 1F1FE","🇱🇾","Flags (country-flag)","Flags","country-flag"
"flag: Israel","https://github.githubassets.com/images/icons/emoji/unicode/1f1f1-1f1ee.png?v8","1F1EE 1F1F1","🇮🇱","Flags (country-flag)","Flags","country-flag"
"light rail","https://github.githubassets.com/images/icons/emoji/unicode/1f688.png?v8","1F688","🚈","Travel & Places (transport-ground)","Travel & Places","transport-ground"
"link","https://github.githubassets.com/images/icons/emoji/unicode/1f517.png?v8","1F517","🔗","Objects (tool)","Objects","tool"
"lion","https://github.githubassets.com/images/icons/emoji/unicode/1f981.png?v8","1F981","🦁","Animals & Nature (animal-mammal)","Animals & Nature","animal-mammal"
"mouth","https://github.githubassets.com/images/icons/emoji/unicode/1f444.png?v8","1F444","👄","People & Body (body-parts)","People & Body","body-parts"
"lipstick","https://github.githubassets.com/images/icons/emoji/unicode/1f484.png?v8","1F484","💄","Objects (clothing)","Objects","clothing"
"flag: Lithuania","https://github.githubassets.com/images/icons/emoji/unicode/1f1f1-1f1f9.png?v8","1F1F1 1F1F9","🇱🇹","Flags (country-flag)","Flags","country-flag"
"lizard","https://github.githubassets.com/images/icons/emoji/unicode/1f98e.png?v8","1F98E","🦎","Animals & Nature (animal-reptile)","Animals & Nature","animal-reptile"
"llama","https://github.githubassets.com/images/icons/emoji/unicode/1f999.png?v8","1F999","🦙","Animals & Nature (animal-mammal)","Animals & Nature","animal-mammal"
"lobster","https://github.githubassets.com/images/icons/emoji/unicode/1f99e.png?v8","1F99E","🦞","Food & Drink (food-marine)","Food & Drink","food-marine"
"locked","https://github.githubassets.com/images/icons/emoji/unicode/1f512.png?v8","1F512","🔒","Objects (lock)","Objects","lock"
"locked with pen","https://github.githubassets.com/images/icons/emoji/unicode/1f50f.png?v8","1F50F","🔏","Objects (lock)","Objects","lock"
"lollipop","https://github.githubassets.com/images/icons/emoji/unicode/1f36d.png?v8","1F36D","🍭","Food & Drink (food-sweet)","Food & Drink","food-sweet"
"double curly loop","https://github.githubassets.com/images/icons/emoji/unicode/27bf.png?v8","27BF","➿","Symbols (other-symbol)","Symbols","other-symbol"
"lotion bottle","https://github.githubassets.com/images/icons/emoji/unicode/1f9f4.png?v8","1F9F4","🧴","Objects (household)","Objects","household"
"person in lotus position","https://github.githubassets.com/images/icons/emoji/unicode/1f9d8.png?v8","1F9D8","🧘","People & Body (person-resting)","People & Body","person-resting"
"person in lotus position","https://github.githubassets.com/images/icons/emoji/unicode/1f9d8-2642.png?v8","1F9D8","🧘","People & Body (person-resting)","People & Body","person-resting"
"person in lotus position","https://github.githubassets.com/images/icons/emoji/unicode/1f9d8-2640.png?v8","1F9D8","🧘","People & Body (person-resting)","People & Body","person-resting"
"speaker high volume","https://github.githubassets.com/images/icons/emoji/unicode/1f50a.png?v8","1F50A","🔊","Objects (sound)","Objects","sound"
"loudspeaker","https://github.githubassets.com/images/icons/emoji/unicode/1f4e2.png?v8","1F4E2","📢","Objects (sound)","Objects","sound"
"love hotel","https://github.githubassets.com/images/icons/emoji/unicode/1f3e9.png?v8","1F3E9","🏩","Travel & Places (place-building)","Travel & Places","place-building"
"love letter","https://github.githubassets.com/images/icons/emoji/unicode/1f48c.png?v8","1F48C","💌","Smileys & Emotion (emotion)","Smileys & Emotion","emotion"
"love-you gesture","https://github.githubassets.com/images/icons/emoji/unicode/1f91f.png?v8","1F91F","🤟","People & Body (hand-fingers-partial)","People & Body","hand-fingers-partial"
"dim button","https://github.githubassets.com/images/icons/emoji/unicode/1f505.png?v8","1F505","🔅","Symbols (av-symbol)","Symbols","av-symbol"
"luggage","https://github.githubassets.com/images/icons/emoji/unicode/1f9f3.png?v8","1F9F3","🧳","Travel & Places (hotel)","Travel & Places","hotel"
"flag: Luxembourg","https://github.githubassets.com/images/icons/emoji/unicode/1f1f1-1f1fa.png?v8","1F1F1 1F1FA","🇱🇺","Flags (country-flag)","Flags","country-flag"
"lying face","https://github.githubassets.com/images/icons/emoji/unicode/1f925.png?v8","1F925","🤥","Smileys & Emotion (face-neutral-skeptical)","Smileys & Emotion","face-neutral-skeptical"
"circled M","https://github.githubassets.com/images/icons/emoji/unicode/24c2.png?v8","24C2","Ⓜ","Symbols (alphanum)","Symbols","alphanum"
"flag: Myanmar (Burma)","https://github.githubassets.com/images/icons/emoji/unicode/1f1f2-1f1f4.png?v8","1F1F2 1F1F2","🇲🇲","Flags (country-flag)","Flags","country-flag"
"flag: Comoros","https://github.githubassets.com/images/icons/emoji/unicode/1f1f2-1f1f0.png?v8","1F1F0 1F1F2","🇰🇲","Flags (country-flag)","Flags","country-flag"
"flag: Guernsey","https://github.githubassets.com/images/icons/emoji/unicode/1f1f2-1f1ec.png?v8","1F1EC 1F1EC","🇬🇬","Flags (country-flag)","Flags","country-flag"
"magnifying glass tilted left","https://github.githubassets.com/images/icons/emoji/unicode/1f50d.png?v8","1F50D","🔍","Objects (light & video)","Objects","light & video"
"magnifying glass tilted right","https://github.githubassets.com/images/icons/emoji/unicode/1f50e.png?v8","1F50E","🔎","Objects (light & video)","Objects","light & video"
"mage","https://github.githubassets.com/images/icons/emoji/unicode/1f9d9.png?v8","1F9D9","🧙","People & Body (person-fantasy)","People & Body","person-fantasy"
"mage","https://github.githubassets.com/images/icons/emoji/unicode/1f9d9-2642.png?v8","1F9D9","🧙","People & Body (person-fantasy)","People & Body","person-fantasy"
"mage","https://github.githubassets.com/images/icons/emoji/unicode/1f9d9-2640.png?v8","1F9D9","🧙","People & Body (person-fantasy)","People & Body","person-fantasy"
"magnet","https://github.githubassets.com/images/icons/emoji/unicode/1f9f2.png?v8","1F9F2","🧲","Objects (tool)","Objects","tool"
"mahjong red dragon","https://github.githubassets.com/images/icons/emoji/unicode/1f004.png?v8","1F004","🀄","Activities (game)","Activities","game"
"closed mailbox with raised flag","https://github.githubassets.com/images/icons/emoji/unicode/1f4eb.png?v8","1F4EB","📫","Objects (mail)","Objects","mail"
"closed mailbox with lowered flag","https://github.githubassets.com/images/icons/emoji/unicode/1f4ea.png?v8","1F4EA","📪","Objects (mail)","Objects","mail"
"open mailbox with raised flag","https://github.githubassets.com/images/icons/emoji/unicode/1f4ec.png?v8","1F4EC","📬","Objects (mail)","Objects","mail"
"open mailbox with lowered flag","https://github.githubassets.com/images/icons/emoji/unicode/1f4ed.png?v8","1F4ED","📭","Objects (mail)","Objects","mail"
"flag: Myanmar (Burma)","https://github.githubassets.com/images/icons/emoji/unicode/1f1f2-1f1fc.png?v8","1F1F2 1F1F2","🇲🇲","Flags (country-flag)","Flags","country-flag"
"flag: Myanmar (Burma)","https://github.githubassets.com/images/icons/emoji/unicode/1f1f2-1f1fe.png?v8","1F1F2 1F1F2","🇲🇲","Flags (country-flag)","Flags","country-flag"
"flag: Myanmar (Burma)","https://github.githubassets.com/images/icons/emoji/unicode/1f1f2-1f1fb.png?v8","1F1F2 1F1F2","🇲🇲","Flags (country-flag)","Flags","country-flag"
"detective","https://github.githubassets.com/images/icons/emoji/unicode/1f575-2642.png?v8","1F575","🕵","People & Body (person-role)","People & Body","person-role"
"male sign","https://github.githubassets.com/images/icons/emoji/unicode/2642.png?v8","2642","♂","Symbols (gender)","Symbols","gender"
"flag: Mali","https://github.githubassets.com/images/icons/emoji/unicode/1f1f2-1f1f1.png?v8","1F1F2 1F1F1","🇲🇱","Flags (country-flag)","Flags","country-flag"
"flag: Myanmar (Burma)","https://github.githubassets.com/images/icons/emoji/unicode/1f1f2-1f1f9.png?v8","1F1F2 1F1F2","🇲🇲","Flags (country-flag)","Flags","country-flag"
"man","https://github.githubassets.com/images/icons/emoji/unicode/1f468.png?v8","1F468","👨","People & Body (person)","People & Body","person"
"man","https://github.githubassets.com/images/icons/emoji/unicode/1f468-1f3a8.png?v8","1F468","👨","People & Body (person)","People & Body","person"
"man","https://github.githubassets.com/images/icons/emoji/unicode/1f468-1f680.png?v8","1F468","👨","People & Body (person)","People & Body","person"
"person cartwheeling","https://github.githubassets.com/images/icons/emoji/unicode/1f938-2642.png?v8","1F938","🤸","People & Body (person-sport)","People & Body","person-sport"
"man","https://github.githubassets.com/images/icons/emoji/unicode/1f468-1f373.png?v8","1F468","👨","People & Body (person)","People & Body","person"
"man dancing","https://github.githubassets.com/images/icons/emoji/unicode/1f57a.png?v8","1F57A","🕺","People & Body (person-activity)","People & Body","person-activity"
"person facepalming","https://github.githubassets.com/images/icons/emoji/unicode/1f926-2642.png?v8","1F926","🤦","People & Body (person-gesture)","People & Body","person-gesture"
"man","https://github.githubassets.com/images/icons/emoji/unicode/1f468-1f3ed.png?v8","1F468","👨","People & Body (person)","People & Body","person"
"man","https://github.githubassets.com/images/icons/emoji/unicode/1f468-1f33e.png?v8","1F468","👨","People & Body (person)","People & Body","person"
"man","https://github.githubassets.com/images/icons/emoji/unicode/1f468-1f692.png?v8","1F468","👨","People & Body (person)","People & Body","person"
"man","https://github.githubassets.com/images/icons/emoji/unicode/1f468-2695.png?v8","1F468","👨","People & Body (person)","People & Body","person"
"man","https://github.githubassets.com/images/icons/emoji/unicode/1f468-1f9bd.png?v8","1F468","👨","People & Body (person)","People & Body","person"
"man","https://github.githubassets.com/images/icons/emoji/unicode/1f468-1f9bc.png?v8","1F468","👨","People & Body (person)","People & Body","person"
"man in tuxedo","https://github.githubassets.com/images/icons/emoji/unicode/1f935.png?v8","1F935","🤵","People & Body (person-role)","People & Body","person-role"
"man","https://github.githubassets.com/images/icons/emoji/unicode/1f468-2696.png?v8","1F468","👨","People & Body (person)","People & Body","person"
"person juggling","https://github.githubassets.com/images/icons/emoji/unicode/1f939-2642.png?v8","1F939","🤹","People & Body (person-sport)","People & Body","person-sport"
"man","https://github.githubassets.com/images/icons/emoji/unicode/1f468-1f527.png?v8","1F468","👨","People & Body (person)","People & Body","person"
"man","https://github.githubassets.com/images/icons/emoji/unicode/1f468-1f4bc.png?v8","1F468","👨","People & Body (person)","People & Body","person"
"man","https://github.githubassets.com/images/icons/emoji/unicode/1f468-2708.png?v8","1F468","👨","People & Body (person)","People & Body","person"
"person playing handball","https://github.githubassets.com/images/icons/emoji/unicode/1f93e-2642.png?v8","1F93E","🤾","People & Body (person-sport)","People & Body","person-sport"
"person playing water polo","https://github.githubassets.com/images/icons/emoji/unicode/1f93d-2642.png?v8","1F93D","🤽","People & Body (person-sport)","People & Body","person-sport"
"man","https://github.githubassets.com/images/icons/emoji/unicode/1f468-1f52c.png?v8","1F468","👨","People & Body (person)","People & Body","person"
"person shrugging","https://github.githubassets.com/images/icons/emoji/unicode/1f937-2642.png?v8","1F937","🤷","People & Body (person-gesture)","People & Body","person-gesture"
"man","https://github.githubassets.com/images/icons/emoji/unicode/1f468-1f3a4.png?v8","1F468","👨","People & Body (person)","People & Body","person"
"man","https://github.githubassets.com/images/icons/emoji/unicode/1f468-1f393.png?v8","1F468","👨","People & Body (person)","People & Body","person"
"man","https://github.githubassets.com/images/icons/emoji/unicode/1f468-1f3eb.png?v8","1F468","👨","People & Body (person)","People & Body","person"
"man","https://github.githubassets.com/images/icons/emoji/unicode/1f468-1f4bb.png?v8","1F468","👨","People & Body (person)","People & Body","person"
"man with skullcap","https://github.githubassets.com/images/icons/emoji/unicode/1f472.png?v8","1F472","👲","People & Body (person-role)","People & Body","person-role"
"man","https://github.githubassets.com/images/icons/emoji/unicode/1f468-1f9af.png?v8","1F468","👨","People & Body (person)","People & Body","person"
"person wearing turban","https://github.githubassets.com/images/icons/emoji/unicode/1f473-2642.png?v8","1F473","👳","People & Body (person-role)","People & Body","person-role"
"tangerine","https://github.githubassets.com/images/icons/emoji/unicode/1f34a.png?v8","1F34A","🍊","Food & Drink (food-fruit)","Food & Drink","food-fruit"
"mango","https://github.githubassets.com/images/icons/emoji/unicode/1f96d.png?v8","1F96D","🥭","Food & Drink (food-fruit)","Food & Drink","food-fruit"
"man’s shoe","https://github.githubassets.com/images/icons/emoji/unicode/1f45e.png?v8","1F45E","👞","Objects (clothing)","Objects","clothing"
"mantelpiece clock","https://github.githubassets.com/images/icons/emoji/unicode/1f570.png?v8","1F570","🕰","Travel & Places (time)","Travel & Places","time"
"manual wheelchair","https://github.githubassets.com/images/icons/emoji/unicode/1f9bd.png?v8","1F9BD","🦽","Travel & Places (transport-ground)","Travel & Places","transport-ground"
"maple leaf","https://github.githubassets.com/images/icons/emoji/unicode/1f341.png?v8","1F341","🍁","Animals & Nature (plant-other)","Animals & Nature","plant-other"
"flag: Heard & McDonald Islands","https://github.githubassets.com/images/icons/emoji/unicode/1f1f2-1f1ed.png?v8","1F1ED 1F1F2","🇭🇲","Flags (country-flag)","Flags","country-flag"
"martial arts uniform","https://github.githubassets.com/images/icons/emoji/unicode/1f94b.png?v8","1F94B","🥋","Activities (sport)","Activities","sport"
"flag: Myanmar (Burma)","https://github.githubassets.com/images/icons/emoji/unicode/1f1f2-1f1f6.png?v8","1F1F2 1F1F2","🇲🇲","Flags (country-flag)","Flags","country-flag"
"face with medical mask","https://github.githubassets.com/images/icons/emoji/unicode/1f637.png?v8","1F637","😷","Smileys & Emotion (face-unwell)","Smileys & Emotion","face-unwell"
"person getting massage","https://github.githubassets.com/images/icons/emoji/unicode/1f486.png?v8","1F486","💆","People & Body (person-activity)","People & Body","person-activity"
"person getting massage","https://github.githubassets.com/images/icons/emoji/unicode/1f486-2642.png?v8","1F486","💆","People & Body (person-activity)","People & Body","person-activity"
"person getting massage","https://github.githubassets.com/images/icons/emoji/unicode/1f486-2640.png?v8","1F486","💆","People & Body (person-activity)","People & Body","person-activity"
"mate","https://github.githubassets.com/images/icons/emoji/unicode/1f9c9.png?v8","1F9C9","🧉","Food & Drink (drink)","Food & Drink","drink"
"flag: Myanmar (Burma)","https://github.githubassets.com/images/icons/emoji/unicode/1f1f2-1f1f7.png?v8","1F1F2 1F1F2","🇲🇲","Flags (country-flag)","Flags","country-flag"
"flag: Myanmar (Burma)","https://github.githubassets.com/images/icons/emoji/unicode/1f1f2-1f1fa.png?v8","1F1F2 1F1F2","🇲🇲","Flags (country-flag)","Flags","country-flag"
"flag: Trinidad & Tobago","https://github.githubassets.com/images/icons/emoji/unicode/1f1fe-1f1f9.png?v8","1F1F9 1F1F9","🇹🇹","Flags (country-flag)","Flags","country-flag"
"meat on bone","https://github.githubassets.com/images/icons/emoji/unicode/1f356.png?v8","1F356","🍖","Food & Drink (food-prepared)","Food & Drink","food-prepared"
"person","https://github.githubassets.com/images/icons/emoji/unicode/1f9d1-1f527.png?v8","1F9D1","🧑","People & Body (person)","People & Body","person"
"mechanical arm","https://github.githubassets.com/images/icons/emoji/unicode/1f9be.png?v8","1F9BE","🦾","People & Body (body-parts)","People & Body","body-parts"
"mechanical leg","https://github.githubassets.com/images/icons/emoji/unicode/1f9bf.png?v8","1F9BF","🦿","People & Body (body-parts)","People & Body","body-parts"
"military medal","https://github.githubassets.com/images/icons/emoji/unicode/1f396.png?v8","1F396","🎖","Activities (award-medal)","Activities","award-medal"
"sports medal","https://github.githubassets.com/images/icons/emoji/unicode/1f3c5.png?v8","1F3C5","🏅","Activities (award-medal)","Activities","award-medal"
"medical symbol","https://github.githubassets.com/images/icons/emoji/unicode/2695.png?v8","2695","⚕","Symbols (other-symbol)","Symbols","other-symbol"
"megaphone","https://github.githubassets.com/images/icons/emoji/unicode/1f4e3.png?v8","1F4E3","📣","Objects (sound)","Objects","sound"
"melon","https://github.githubassets.com/images/icons/emoji/unicode/1f348.png?v8","1F348","🍈","Food & Drink (food-fruit)","Food & Drink","food-fruit"
"memo","https://github.githubassets.com/images/icons/emoji/unicode/1f4dd.png?v8","1F4DD","📝","Objects (writing)","Objects","writing"
"people wrestling","https://github.githubassets.com/images/icons/emoji/unicode/1f93c-2642.png?v8","1F93C","🤼","People & Body (person-sport)","People & Body","person-sport"
"menorah","https://github.githubassets.com/images/icons/emoji/unicode/1f54e.png?v8","1F54E","🕎","Symbols (religion)","Symbols","religion"
"men’s room","https://github.githubassets.com/images/icons/emoji/unicode/1f6b9.png?v8","1F6B9","🚹","Symbols (transport-sign)","Symbols","transport-sign"
"merperson","https://github.githubassets.com/images/icons/emoji/unicode/1f9dc-2640.png?v8","1F9DC","🧜","People & Body (person-fantasy)","People & Body","person-fantasy"
"merperson","https://github.githubassets.com/images/icons/emoji/unicode/1f9dc-2642.png?v8","1F9DC","🧜","People & Body (person-fantasy)","People & Body","person-fantasy"
"merperson","https://github.githubassets.com/images/icons/emoji/unicode/1f9dc.png?v8","1F9DC","🧜","People & Body (person-fantasy)","People & Body","person-fantasy"
"sign of the horns","https://github.githubassets.com/images/icons/emoji/unicode/1f918.png?v8","1F918","🤘","People & Body (hand-fingers-partial)","People & Body","hand-fingers-partial"
"metro","https://github.githubassets.com/images/icons/emoji/unicode/1f687.png?v8","1F687","🚇","Travel & Places (transport-ground)","Travel & Places","transport-ground"
"flag: Myanmar (Burma)","https://github.githubassets.com/images/icons/emoji/unicode/1f1f2-1f1fd.png?v8","1F1F2 1F1F2","🇲🇲","Flags (country-flag)","Flags","country-flag"
"microbe","https://github.githubassets.com/images/icons/emoji/unicode/1f9a0.png?v8","1F9A0","🦠","Animals & Nature (animal-bug)","Animals & Nature","animal-bug"
"flag: Micronesia","https://github.githubassets.com/images/icons/emoji/unicode/1f1eb-1f1f2.png?v8","1F1EB 1F1F2","🇫🇲","Flags (country-flag)","Flags","country-flag"
"microphone","https://github.githubassets.com/images/icons/emoji/unicode/1f3a4.png?v8","1F3A4","🎤","Objects (music)","Objects","music"
"microscope","https://github.githubassets.com/images/icons/emoji/unicode/1f52c.png?v8","1F52C","🔬","Objects (science)","Objects","science"
"middle finger","https://github.githubassets.com/images/icons/emoji/unicode/1f595.png?v8","1F595","🖕","People & Body (hand-single-finger)","People & Body","hand-single-finger"
"glass of milk","https://github.githubassets.com/images/icons/emoji/unicode/1f95b.png?v8","1F95B","🥛","Food & Drink (drink)","Food & Drink","drink"
"milky way","https://github.githubassets.com/images/icons/emoji/unicode/1f30c.png?v8","1F30C","🌌","Travel & Places (sky & weather)","Travel & Places","sky & weather"
"minibus","https://github.githubassets.com/images/icons/emoji/unicode/1f690.png?v8","1F690","🚐","Travel & Places (transport-ground)","Travel & Places","transport-ground"
"computer disk","https://github.githubassets.com/images/icons/emoji/unicode/1f4bd.png?v8","1F4BD","💽","Objects (computer)","Objects","computer"
"mobile phone off","https://github.githubassets.com/images/icons/emoji/unicode/1f4f4.png?v8","1F4F4","📴","Symbols (av-symbol)","Symbols","av-symbol"
"flag: Dominica","https://github.githubassets.com/images/icons/emoji/unicode/1f1f2-1f1e9.png?v8","1F1E9 1F1F2","🇩🇲","Flags (country-flag)","Flags","country-flag"
"flag: Cocos (Keeling) Islands","https://github.githubassets.com/images/icons/emoji/unicode/1f1f2-1f1e8.png?v8","1F1E8 1F1E8","🇨🇨","Flags (country-flag)","Flags","country-flag"
"money-mouth face","https://github.githubassets.com/images/icons/emoji/unicode/1f911.png?v8","1F911","🤑","Smileys & Emotion (face-tongue)","Smileys & Emotion","face-tongue"
"money with wings","https://github.githubassets.com/images/icons/emoji/unicode/1f4b8.png?v8","1F4B8","💸","Objects (money)","Objects","money"
"money bag","https://github.githubassets.com/images/icons/emoji/unicode/1f4b0.png?v8","1F4B0","💰","Objects (money)","Objects","money"
"flag: Myanmar (Burma)","https://github.githubassets.com/images/icons/emoji/unicode/1f1f2-1f1f3.png?v8","1F1F2 1F1F2","🇲🇲","Flags (country-flag)","Flags","country-flag"
"monkey","https://github.githubassets.com/images/icons/emoji/unicode/1f412.png?v8","1F412","🐒","Animals & Nature (animal-mammal)","Animals & Nature","animal-mammal"
"monkey face","https://github.githubassets.com/images/icons/emoji/unicode/1f435.png?v8","1F435","🐵","Animals & Nature (animal-mammal)","Animals & Nature","animal-mammal"
"face with monocle","https://github.githubassets.com/images/icons/emoji/unicode/1f9d0.png?v8","1F9D0","🧐","Smileys & Emotion (face-glasses)","Smileys & Emotion","face-glasses"
"monorail","https://github.githubassets.com/images/icons/emoji/unicode/1f69d.png?v8","1F69D","🚝","Travel & Places (transport-ground)","Travel & Places","transport-ground"
"flag: Estonia","https://github.githubassets.com/images/icons/emoji/unicode/1f1f2-1f1ea.png?v8","1F1EA 1F1EA","🇪🇪","Flags (country-flag)","Flags","country-flag"
"flag: Myanmar (Burma)","https://github.githubassets.com/images/icons/emoji/unicode/1f1f2-1f1f8.png?v8","1F1F2 1F1F2","🇲🇲","Flags (country-flag)","Flags","country-flag"
"waxing gibbous moon","https://github.githubassets.com/images/icons/emoji/unicode/1f314.png?v8","1F314","🌔","Travel & Places (sky & weather)","Travel & Places","sky & weather"
"moon cake","https://github.githubassets.com/images/icons/emoji/unicode/1f96e.png?v8","1F96E","🥮","Food & Drink (food-asian)","Food & Drink","food-asian"
"flag: Armenia","https://github.githubassets.com/images/icons/emoji/unicode/1f1f2-1f1e6.png?v8","1F1E6 1F1F2","🇦🇲","Flags (country-flag)","Flags","country-flag"
"graduation cap","https://github.githubassets.com/images/icons/emoji/unicode/1f393.png?v8","1F393","🎓","Objects (clothing)","Objects","clothing"
"mosque","https://github.githubassets.com/images/icons/emoji/unicode/1f54c.png?v8","1F54C","🕌","Travel & Places (place-religious)","Travel & Places","place-religious"
"mosquito","https://github.githubassets.com/images/icons/emoji/unicode/1f99f.png?v8","1F99F","🦟","Animals & Nature (animal-bug)","Animals & Nature","animal-bug"
"motor boat","https://github.githubassets.com/images/icons/emoji/unicode/1f6e5.png?v8","1F6E5","🛥","Travel & Places (transport-water)","Travel & Places","transport-water"
"motor scooter","https://github.githubassets.com/images/icons/emoji/unicode/1f6f5.png?v8","1F6F5","🛵","Travel & Places (transport-ground)","Travel & Places","transport-ground"
"motorcycle","https://github.githubassets.com/images/icons/emoji/unicode/1f3cd.png?v8","1F3CD","🏍","Travel & Places (transport-ground)","Travel & Places","transport-ground"
"motorized wheelchair","https://github.githubassets.com/images/icons/emoji/unicode/1f9bc.png?v8","1F9BC","🦼","Travel & Places (transport-ground)","Travel & Places","transport-ground"
"motorway","https://github.githubassets.com/images/icons/emoji/unicode/1f6e3.png?v8","1F6E3","🛣","Travel & Places (transport-ground)","Travel & Places","transport-ground"
"mount fuji","https://github.githubassets.com/images/icons/emoji/unicode/1f5fb.png?v8","1F5FB","🗻","Travel & Places (place-geographic)","Travel & Places","place-geographic"
"mountain","https://github.githubassets.com/images/icons/emoji/unicode/26f0.png?v8","26F0","⛰","Travel & Places (place-geographic)","Travel & Places","place-geographic"
"person mountain biking","https://github.githubassets.com/images/icons/emoji/unicode/1f6b5.png?v8","1F6B5","🚵","People & Body (person-sport)","People & Body","person-sport"
"person mountain biking","https://github.githubassets.com/images/icons/emoji/unicode/1f6b5-2642.png?v8","1F6B5","🚵","People & Body (person-sport)","People & Body","person-sport"
"person mountain biking","https://github.githubassets.com/images/icons/emoji/unicode/1f6b5-2640.png?v8","1F6B5","🚵","People & Body (person-sport)","People & Body","person-sport"
"mountain cableway","https://github.githubassets.com/images/icons/emoji/unicode/1f6a0.png?v8","1F6A0","🚠","Travel & Places (transport-air)","Travel & Places","transport-air"
"mountain railway","https://github.githubassets.com/images/icons/emoji/unicode/1f69e.png?v8","1F69E","🚞","Travel & Places (transport-ground)","Travel & Places","transport-ground"
"snow-capped mountain","https://github.githubassets.com/images/icons/emoji/unicode/1f3d4.png?v8","1F3D4","🏔","Travel & Places (place-geographic)","Travel & Places","place-geographic"
"mouse face","https://github.githubassets.com/images/icons/emoji/unicode/1f42d.png?v8","1F42D","🐭","Animals & Nature (animal-mammal)","Animals & Nature","animal-mammal"
"mouse","https://github.githubassets.com/images/icons/emoji/unicode/1f401.png?v8","1F401","🐁","Animals & Nature (animal-mammal)","Animals & Nature","animal-mammal"
"movie camera","https://github.githubassets.com/images/icons/emoji/unicode/1f3a5.png?v8","1F3A5","🎥","Objects (light & video)","Objects","light & video"
"moai","https://github.githubassets.com/images/icons/emoji/unicode/1f5ff.png?v8","1F5FF","🗿","Objects (other-object)","Objects","other-object"
"flag: Myanmar (Burma)","https://github.githubassets.com/images/icons/emoji/unicode/1f1f2-1f1ff.png?v8","1F1F2 1F1F2","🇲🇲","Flags (country-flag)","Flags","country-flag"
"Mrs. Claus","https://github.githubassets.com/images/icons/emoji/unicode/1f936.png?v8","1F936","🤶","People & Body (person-fantasy)","People & Body","person-fantasy"
"flexed biceps","https://github.githubassets.com/images/icons/emoji/unicode/1f4aa.png?v8","1F4AA","💪","People & Body (body-parts)","People & Body","body-parts"
"mushroom","https://github.githubassets.com/images/icons/emoji/unicode/1f344.png?v8","1F344","🍄","Food & Drink (food-vegetable)","Food & Drink","food-vegetable"
"musical keyboard","https://github.githubassets.com/images/icons/emoji/unicode/1f3b9.png?v8","1F3B9","🎹","Objects (musical-instrument)","Objects","musical-instrument"
"musical note","https://github.githubassets.com/images/icons/emoji/unicode/1f3b5.png?v8","1F3B5","🎵","Objects (music)","Objects","music"
"musical score","https://github.githubassets.com/images/icons/emoji/unicode/1f3bc.png?v8","1F3BC","🎼","Objects (music)","Objects","music"
"muted speaker","https://github.githubassets.com/images/icons/emoji/unicode/1f507.png?v8","1F507","🔇","Objects (sound)","Objects","sound"
"flag: Myanmar (Burma)","https://github.githubassets.com/images/icons/emoji/unicode/1f1f2-1f1f2.png?v8","1F1F2 1F1F2","🇲🇲","Flags (country-flag)","Flags","country-flag"
"nail polish","https://github.githubassets.com/images/icons/emoji/unicode/1f485.png?v8","1F485","💅","People & Body (hand-prop)","People & Body","hand-prop"
"name badge","https://github.githubassets.com/images/icons/emoji/unicode/1f4db.png?v8","1F4DB","📛","Symbols (other-symbol)","Symbols","other-symbol"
"flag: Namibia","https://github.githubassets.com/images/icons/emoji/unicode/1f1f3-1f1e6.png?v8","1F1F3 1F1E6","🇳🇦","Flags (country-flag)","Flags","country-flag"
"national park","https://github.githubassets.com/images/icons/emoji/unicode/1f3de.png?v8","1F3DE","🏞","Travel & Places (place-geographic)","Travel & Places","place-geographic"
"flag: Nauru","https://github.githubassets.com/images/icons/emoji/unicode/1f1f3-1f1f7.png?v8","1F1F3 1F1F7","🇳🇷","Flags (country-flag)","Flags","country-flag"
"nauseated face","https://github.githubassets.com/images/icons/emoji/unicode/1f922.png?v8","1F922","🤢","Smileys & Emotion (face-unwell)","Smileys & Emotion","face-unwell"
"nazar amulet","https://github.githubassets.com/images/icons/emoji/unicode/1f9ff.png?v8","1F9FF","🧿","Activities (game)","Activities","game"
"neckbeard","https://github.githubassets.com/images/icons/emoji/neckbeard.png?v8",undefined,undefined,undefined,undefined,undefined
"necktie","https://github.githubassets.com/images/icons/emoji/unicode/1f454.png?v8","1F454","👔","Objects (clothing)","Objects","clothing"
"cross mark button","https://github.githubassets.com/images/icons/emoji/unicode/274e.png?v8","274E","❎","Symbols (other-symbol)","Symbols","other-symbol"
"flag: Nepal","https://github.githubassets.com/images/icons/emoji/unicode/1f1f3-1f1f5.png?v8","1F1F3 1F1F5","🇳🇵","Flags (country-flag)","Flags","country-flag"
"nerd face","https://github.githubassets.com/images/icons/emoji/unicode/1f913.png?v8","1F913","🤓","Smileys & Emotion (face-glasses)","Smileys & Emotion","face-glasses"
"flag: Netherlands","https://github.githubassets.com/images/icons/emoji/unicode/1f1f3-1f1f1.png?v8","1F1F3 1F1F1","🇳🇱","Flags (country-flag)","Flags","country-flag"
"neutral face","https://github.githubassets.com/images/icons/emoji/unicode/1f610.png?v8","1F610","😐","Smileys & Emotion (face-neutral-skeptical)","Smileys & Emotion","face-neutral-skeptical"
"NEW button","https://github.githubassets.com/images/icons/emoji/unicode/1f195.png?v8","1F195","🆕","Symbols (alphanum)","Symbols","alphanum"
"flag: Cocos (Keeling) Islands","https://github.githubassets.com/images/icons/emoji/unicode/1f1f3-1f1e8.png?v8","1F1E8 1F1E8","🇨🇨","Flags (country-flag)","Flags","country-flag"
"new moon","https://github.githubassets.com/images/icons/emoji/unicode/1f311.png?v8","1F311","🌑","Travel & Places (sky & weather)","Travel & Places","sky & weather"
"new moon face","https://github.githubassets.com/images/icons/emoji/unicode/1f31a.png?v8","1F31A","🌚","Travel & Places (sky & weather)","Travel & Places","sky & weather"
"flag: New Zealand","https://github.githubassets.com/images/icons/emoji/unicode/1f1f3-1f1ff.png?v8","1F1F3 1F1FF","🇳🇿","Flags (country-flag)","Flags","country-flag"
"newspaper","https://github.githubassets.com/images/icons/emoji/unicode/1f4f0.png?v8","1F4F0","📰","Objects (book-paper)","Objects","book-paper"
"rolled-up newspaper","https://github.githubassets.com/images/icons/emoji/unicode/1f5de.png?v8","1F5DE","🗞","Objects (book-paper)","Objects","book-paper"
"next track button","https://github.githubassets.com/images/icons/emoji/unicode/23ed.png?v8","23ED","⏭","Symbols (av-symbol)","Symbols","av-symbol"
"NG button","https://github.githubassets.com/images/icons/emoji/unicode/1f196.png?v8","1F196","🆖","Symbols (alphanum)","Symbols","alphanum"
"person gesturing NO","https://github.githubassets.com/images/icons/emoji/unicode/1f645-2642.png?v8","1F645","🙅","People & Body (person-gesture)","People & Body","person-gesture"
"person gesturing NO","https://github.githubassets.com/images/icons/emoji/unicode/1f645-2640.png?v8","1F645","🙅","People & Body (person-gesture)","People & Body","person-gesture"
"flag: India","https://github.githubassets.com/images/icons/emoji/unicode/1f1f3-1f1ee.png?v8","1F1EE 1F1F3","🇮🇳","Flags (country-flag)","Flags","country-flag"
"flag: Estonia","https://github.githubassets.com/images/icons/emoji/unicode/1f1f3-1f1ea.png?v8","1F1EA 1F1EA","🇪🇪","Flags (country-flag)","Flags","country-flag"
"flag: Guernsey","https://github.githubassets.com/images/icons/emoji/unicode/1f1f3-1f1ec.png?v8","1F1EC 1F1EC","🇬🇬","Flags (country-flag)","Flags","country-flag"
"night with stars","https://github.githubassets.com/images/icons/emoji/unicode/1f303.png?v8","1F303","🌃","Travel & Places (place-other)","Travel & Places","place-other"
"keycap: 9","https://github.githubassets.com/images/icons/emoji/unicode/0039-20e3.png?v8","0039 20E3","9⃣","Symbols (keycap)","Symbols","keycap"
"flag: Niue","https://github.githubassets.com/images/icons/emoji/unicode/1f1f3-1f1fa.png?v8","1F1F3 1F1FA","🇳🇺","Flags (country-flag)","Flags","country-flag"
"bell with slash","https://github.githubassets.com/images/icons/emoji/unicode/1f515.png?v8","1F515","🔕","Objects (sound)","Objects","sound"
"no bicycles","https://github.githubassets.com/images/icons/emoji/unicode/1f6b3.png?v8","1F6B3","🚳","Symbols (warning)","Symbols","warning"
"no entry","https://github.githubassets.com/images/icons/emoji/unicode/26d4.png?v8","26D4","⛔","Symbols (warning)","Symbols","warning"
"prohibited","https://github.githubassets.com/images/icons/emoji/unicode/1f6ab.png?v8","1F6AB","🚫","Symbols (warning)","Symbols","warning"
"person gesturing NO","https://github.githubassets.com/images/icons/emoji/unicode/1f645.png?v8","1F645","🙅","People & Body (person-gesture)","People & Body","person-gesture"
"person gesturing NO","https://github.githubassets.com/images/icons/emoji/unicode/1f645-2642.png?v8","1F645","🙅","People & Body (person-gesture)","People & Body","person-gesture"
"person gesturing NO","https://github.githubassets.com/images/icons/emoji/unicode/1f645-2640.png?v8","1F645","🙅","People & Body (person-gesture)","People & Body","person-gesture"
"no mobile phones","https://github.githubassets.com/images/icons/emoji/unicode/1f4f5.png?v8","1F4F5","📵","Symbols (warning)","Symbols","warning"
"face without mouth","https://github.githubassets.com/images/icons/emoji/unicode/1f636.png?v8","1F636","😶","Smileys & Emotion (face-neutral-skeptical)","Smileys & Emotion","face-neutral-skeptical"
"no pedestrians","https://github.githubassets.com/images/icons/emoji/unicode/1f6b7.png?v8","1F6B7","🚷","Symbols (warning)","Symbols","warning"
"no smoking","https://github.githubassets.com/images/icons/emoji/unicode/1f6ad.png?v8","1F6AD","🚭","Symbols (warning)","Symbols","warning"
"non-potable water","https://github.githubassets.com/images/icons/emoji/unicode/1f6b1.png?v8","1F6B1","🚱","Symbols (warning)","Symbols","warning"
"flag: Norfolk Island","https://github.githubassets.com/images/icons/emoji/unicode/1f1f3-1f1eb.png?v8","1F1F3 1F1EB","🇳🇫","Flags (country-flag)","Flags","country-flag"
"flag: North Korea","https://github.githubassets.com/images/icons/emoji/unicode/1f1f0-1f1f5.png?v8","1F1F0 1F1F5","🇰🇵","Flags (country-flag)","Flags","country-flag"
"flag: Myanmar (Burma)","https://github.githubassets.com/images/icons/emoji/unicode/1f1f2-1f1f5.png?v8","1F1F2 1F1F2","🇲🇲","Flags (country-flag)","Flags","country-flag"
"flag: Norway","https://github.githubassets.com/images/icons/emoji/unicode/1f1f3-1f1f4.png?v8","1F1F3 1F1F4","🇳🇴","Flags (country-flag)","Flags","country-flag"
"nose","https://github.githubassets.com/images/icons/emoji/unicode/1f443.png?v8","1F443","👃","People & Body (body-parts)","People & Body","body-parts"
"notebook","https://github.githubassets.com/images/icons/emoji/unicode/1f4d3.png?v8","1F4D3","📓","Objects (book-paper)","Objects","book-paper"
"notebook with decorative cover","https://github.githubassets.com/images/icons/emoji/unicode/1f4d4.png?v8","1F4D4","📔","Objects (book-paper)","Objects","book-paper"
"musical notes","https://github.githubassets.com/images/icons/emoji/unicode/1f3b6.png?v8","1F3B6","🎶","Objects (music)","Objects","music"
"nut and bolt","https://github.githubassets.com/images/icons/emoji/unicode/1f529.png?v8","1F529","🔩","Objects (tool)","Objects","tool"
"hollow red circle","https://github.githubassets.com/images/icons/emoji/unicode/2b55.png?v8","2B55","⭕","Symbols (other-symbol)","Symbols","other-symbol"
"O button (blood type)","https://github.githubassets.com/images/icons/emoji/unicode/1f17e.png?v8","1F17E","🅾","Symbols (alphanum)","Symbols","alphanum"
"water wave","https://github.githubassets.com/images/icons/emoji/unicode/1f30a.png?v8","1F30A","🌊","Travel & Places (sky & weather)","Travel & Places","sky & weather"
"octocat","https://github.githubassets.com/images/icons/emoji/octocat.png?v8",undefined,undefined,undefined,undefined,undefined
"octopus","https://github.githubassets.com/images/icons/emoji/unicode/1f419.png?v8","1F419","🐙","Animals & Nature (animal-marine)","Animals & Nature","animal-marine"
"oden","https://github.githubassets.com/images/icons/emoji/unicode/1f362.png?v8","1F362","🍢","Food & Drink (food-asian)","Food & Drink","food-asian"
"office building","https://github.githubassets.com/images/icons/emoji/unicode/1f3e2.png?v8","1F3E2","🏢","Travel & Places (place-building)","Travel & Places","place-building"
"person","https://github.githubassets.com/images/icons/emoji/unicode/1f9d1-1f4bc.png?v8","1F9D1","🧑","People & Body (person)","People & Body","person"
"oil drum","https://github.githubassets.com/images/icons/emoji/unicode/1f6e2.png?v8","1F6E2","🛢","Travel & Places (transport-ground)","Travel & Places","transport-ground"
"OK button","https://github.githubassets.com/images/icons/emoji/unicode/1f197.png?v8","1F197","🆗","Symbols (alphanum)","Symbols","alphanum"
"OK hand","https://github.githubassets.com/images/icons/emoji/unicode/1f44c.png?v8","1F44C","👌","People & Body (hand-fingers-partial)","People & Body","hand-fingers-partial"
"person gesturing OK","https://github.githubassets.com/images/icons/emoji/unicode/1f646-2642.png?v8","1F646","🙆","People & Body (person-gesture)","People & Body","person-gesture"
"person gesturing OK","https://github.githubassets.com/images/icons/emoji/unicode/1f646.png?v8","1F646","🙆","People & Body (person-gesture)","People & Body","person-gesture"
"person gesturing OK","https://github.githubassets.com/images/icons/emoji/unicode/1f646-2640.png?v8","1F646","🙆","People & Body (person-gesture)","People & Body","person-gesture"
"old key","https://github.githubassets.com/images/icons/emoji/unicode/1f5dd.png?v8","1F5DD","🗝","Objects (lock)","Objects","lock"
"older person","https://github.githubassets.com/images/icons/emoji/unicode/1f9d3.png?v8","1F9D3","🧓","People & Body (person)","People & Body","person"
"old man","https://github.githubassets.com/images/icons/emoji/unicode/1f474.png?v8","1F474","👴","People & Body (person)","People & Body","person"
"old woman","https://github.githubassets.com/images/icons/emoji/unicode/1f475.png?v8","1F475","👵","People & Body (person)","People & Body","person"
"om","https://github.githubassets.com/images/icons/emoji/unicode/1f549.png?v8","1F549","🕉","Symbols (religion)","Symbols","religion"
"flag: Myanmar (Burma)","https://github.githubassets.com/images/icons/emoji/unicode/1f1f4-1f1f2.png?v8","1F1F2 1F1F2","🇲🇲","Flags (country-flag)","Flags","country-flag"
"ON! arrow","https://github.githubassets.com/images/icons/emoji/unicode/1f51b.png?v8","1F51B","🔛","Symbols (arrow)","Symbols","arrow"
"oncoming automobile","https://github.githubassets.com/images/icons/emoji/unicode/1f698.png?v8","1F698","🚘","Travel & Places (transport-ground)","Travel & Places","transport-ground"
"oncoming bus","https://github.githubassets.com/images/icons/emoji/unicode/1f68d.png?v8","1F68D","🚍","Travel & Places (transport-ground)","Travel & Places","transport-ground"
"oncoming police car","https://github.githubassets.com/images/icons/emoji/unicode/1f694.png?v8","1F694","🚔","Travel & Places (transport-ground)","Travel & Places","transport-ground"
"oncoming taxi","https://github.githubassets.com/images/icons/emoji/unicode/1f696.png?v8","1F696","🚖","Travel & Places (transport-ground)","Travel & Places","transport-ground"
"keycap: 1","https://github.githubassets.com/images/icons/emoji/unicode/0031-20e3.png?v8","0031 20E3","1⃣","Symbols (keycap)","Symbols","keycap"
"one-piece swimsuit","https://github.githubassets.com/images/icons/emoji/unicode/1fa71.png?v8","1FA71","🩱","Objects (clothing)","Objects","clothing"
"onion","https://github.githubassets.com/images/icons/emoji/unicode/1f9c5.png?v8","1F9C5","🧅","Food & Drink (food-vegetable)","Food & Drink","food-vegetable"
"open book","https://github.githubassets.com/images/icons/emoji/unicode/1f4d6.png?v8","1F4D6","📖","Objects (book-paper)","Objects","book-paper"
"open file folder","https://github.githubassets.com/images/icons/emoji/unicode/1f4c2.png?v8","1F4C2","📂","Objects (office)","Objects","office"
"open hands","https://github.githubassets.com/images/icons/emoji/unicode/1f450.png?v8","1F450","👐","People & Body (hands)","People & Body","hands"
"face with open mouth","https://github.githubassets.com/images/icons/emoji/unicode/1f62e.png?v8","1F62E","😮","Smileys & Emotion (face-concerned)","Smileys & Emotion","face-concerned"
"umbrella","https://github.githubassets.com/images/icons/emoji/unicode/2602.png?v8","2602","☂","Travel & Places (sky & weather)","Travel & Places","sky & weather"
"Ophiuchus","https://github.githubassets.com/images/icons/emoji/unicode/26ce.png?v8","26CE","⛎","Symbols (zodiac)","Symbols","zodiac"
"tangerine","https://github.githubassets.com/images/icons/emoji/unicode/1f34a.png?v8","1F34A","🍊","Food & Drink (food-fruit)","Food & Drink","food-fruit"
"orange book","https://github.githubassets.com/images/icons/emoji/unicode/1f4d9.png?v8","1F4D9","📙","Objects (book-paper)","Objects","book-paper"
"orange circle","https://github.githubassets.com/images/icons/emoji/unicode/1f7e0.png?v8","1F7E0","🟠","Symbols (geometric)","Symbols","geometric"
"orange heart","https://github.githubassets.com/images/icons/emoji/unicode/1f9e1.png?v8","1F9E1","🧡","Smileys & Emotion (emotion)","Smileys & Emotion","emotion"
"orange square","https://github.githubassets.com/images/icons/emoji/unicode/1f7e7.png?v8","1F7E7","🟧","Symbols (geometric)","Symbols","geometric"
"orangutan","https://github.githubassets.com/images/icons/emoji/unicode/1f9a7.png?v8","1F9A7","🦧","Animals & Nature (animal-mammal)","Animals & Nature","animal-mammal"
"orthodox cross","https://github.githubassets.com/images/icons/emoji/unicode/2626.png?v8","2626","☦","Symbols (religion)","Symbols","religion"
"otter","https://github.githubassets.com/images/icons/emoji/unicode/1f9a6.png?v8","1F9A6","🦦","Animals & Nature (animal-mammal)","Animals & Nature","animal-mammal"
"outbox tray","https://github.githubassets.com/images/icons/emoji/unicode/1f4e4.png?v8","1F4E4","📤","Objects (mail)","Objects","mail"
"owl","https://github.githubassets.com/images/icons/emoji/unicode/1f989.png?v8","1F989","🦉","Animals & Nature (animal-bird)","Animals & Nature","animal-bird"
"ox","https://github.githubassets.com/images/icons/emoji/unicode/1f402.png?v8","1F402","🐂","Animals & Nature (animal-mammal)","Animals & Nature","animal-mammal"
"oyster","https://github.githubassets.com/images/icons/emoji/unicode/1f9aa.png?v8","1F9AA","🦪","Food & Drink (food-marine)","Food & Drink","food-marine"
"package","https://github.githubassets.com/images/icons/emoji/unicode/1f4e6.png?v8","1F4E6","📦","Objects (mail)","Objects","mail"
"page facing up","https://github.githubassets.com/images/icons/emoji/unicode/1f4c4.png?v8","1F4C4","📄","Objects (book-paper)","Objects","book-paper"
"page with curl","https://github.githubassets.com/images/icons/emoji/unicode/1f4c3.png?v8","1F4C3","📃","Objects (book-paper)","Objects","book-paper"
"pager","https://github.githubassets.com/images/icons/emoji/unicode/1f4df.png?v8","1F4DF","📟","Objects (phone)","Objects","phone"
"paintbrush","https://github.githubassets.com/images/icons/emoji/unicode/1f58c.png?v8","1F58C","🖌","Objects (writing)","Objects","writing"
"flag: North Korea","https://github.githubassets.com/images/icons/emoji/unicode/1f1f5-1f1f0.png?v8","1F1F0 1F1F5","🇰🇵","Flags (country-flag)","Flags","country-flag"
"flag: Palau","https://github.githubassets.com/images/icons/emoji/unicode/1f1f5-1f1fc.png?v8","1F1F5 1F1FC","🇵🇼","Flags (country-flag)","Flags","country-flag"
"flag: Palestinian Territories","https://github.githubassets.com/images/icons/emoji/unicode/1f1f5-1f1f8.png?v8","1F1F5 1F1F8","🇵🇸","Flags (country-flag)","Flags","country-flag"
"palm tree","https://github.githubassets.com/images/icons/emoji/unicode/1f334.png?v8","1F334","🌴","Animals & Nature (plant-other)","Animals & Nature","plant-other"
"palms up together","https://github.githubassets.com/images/icons/emoji/unicode/1f932.png?v8","1F932","🤲","People & Body (hands)","People & Body","hands"
"flag: Panama","https://github.githubassets.com/images/icons/emoji/unicode/1f1f5-1f1e6.png?v8","1F1F5 1F1E6","🇵🇦","Flags (country-flag)","Flags","country-flag"
"pancakes","https://github.githubassets.com/images/icons/emoji/unicode/1f95e.png?v8","1F95E","🥞","Food & Drink (food-prepared)","Food & Drink","food-prepared"
"panda","https://github.githubassets.com/images/icons/emoji/unicode/1f43c.png?v8","1F43C","🐼","Animals & Nature (animal-mammal)","Animals & Nature","animal-mammal"
"paperclip","https://github.githubassets.com/images/icons/emoji/unicode/1f4ce.png?v8","1F4CE","📎","Objects (office)","Objects","office"
"linked paperclips","https://github.githubassets.com/images/icons/emoji/unicode/1f587.png?v8","1F587","🖇","Objects (office)","Objects","office"
"flag: Guernsey","https://github.githubassets.com/images/icons/emoji/unicode/1f1f5-1f1ec.png?v8","1F1EC 1F1EC","🇬🇬","Flags (country-flag)","Flags","country-flag"
"parachute","https://github.githubassets.com/images/icons/emoji/unicode/1fa82.png?v8","1FA82","🪂","Travel & Places (transport-air)","Travel & Places","transport-air"
"flag: Paraguay","https://github.githubassets.com/images/icons/emoji/unicode/1f1f5-1f1fe.png?v8","1F1F5 1F1FE","🇵🇾","Flags (country-flag)","Flags","country-flag"
"umbrella on ground","https://github.githubassets.com/images/icons/emoji/unicode/26f1.png?v8","26F1","⛱","Travel & Places (sky & weather)","Travel & Places","sky & weather"
"P button","https://github.githubassets.com/images/icons/emoji/unicode/1f17f.png?v8","1F17F","🅿","Symbols (alphanum)","Symbols","alphanum"
"parrot","https://github.githubassets.com/images/icons/emoji/unicode/1f99c.png?v8","1F99C","🦜","Animals & Nature (animal-bird)","Animals & Nature","animal-bird"
"part alternation mark","https://github.githubassets.com/images/icons/emoji/unicode/303d.png?v8","303D","〽","Symbols (other-symbol)","Symbols","other-symbol"
"sun behind cloud","https://github.githubassets.com/images/icons/emoji/unicode/26c5.png?v8","26C5","⛅","Travel & Places (sky & weather)","Travel & Places","sky & weather"
"partying face","https://github.githubassets.com/images/icons/emoji/unicode/1f973.png?v8","1F973","🥳","Smileys & Emotion (face-hat)","Smileys & Emotion","face-hat"
"passenger ship","https://github.githubassets.com/images/icons/emoji/unicode/1f6f3.png?v8","1F6F3","🛳","Travel & Places (transport-water)","Travel & Places","transport-water"
"passport control","https://github.githubassets.com/images/icons/emoji/unicode/1f6c2.png?v8","1F6C2","🛂","Symbols (transport-sign)","Symbols","transport-sign"
"pause button","https://github.githubassets.com/images/icons/emoji/unicode/23f8.png?v8","23F8","⏸","Symbols (av-symbol)","Symbols","av-symbol"
"paw prints","https://github.githubassets.com/images/icons/emoji/unicode/1f43e.png?v8","1F43E","🐾","Animals & Nature (animal-mammal)","Animals & Nature","animal-mammal"
"peace symbol","https://github.githubassets.com/images/icons/emoji/unicode/262e.png?v8","262E","☮","Symbols (religion)","Symbols","religion"
"peach","https://github.githubassets.com/images/icons/emoji/unicode/1f351.png?v8","1F351","🍑","Food & Drink (food-fruit)","Food & Drink","food-fruit"
"peacock","https://github.githubassets.com/images/icons/emoji/unicode/1f99a.png?v8","1F99A","🦚","Animals & Nature (animal-bird)","Animals & Nature","animal-bird"
"peanuts","https://github.githubassets.com/images/icons/emoji/unicode/1f95c.png?v8","1F95C","🥜","Food & Drink (food-vegetable)","Food & Drink","food-vegetable"
"pear","https://github.githubassets.com/images/icons/emoji/unicode/1f350.png?v8","1F350","🍐","Food & Drink (food-fruit)","Food & Drink","food-fruit"
"pen","https://github.githubassets.com/images/icons/emoji/unicode/1f58a.png?v8","1F58A","🖊","Objects (writing)","Objects","writing"
"memo","https://github.githubassets.com/images/icons/emoji/unicode/1f4dd.png?v8","1F4DD","📝","Objects (writing)","Objects","writing"
"pencil","https://github.githubassets.com/images/icons/emoji/unicode/270f.png?v8","270F","✏","Objects (writing)","Objects","writing"
"penguin","https://github.githubassets.com/images/icons/emoji/unicode/1f427.png?v8","1F427","🐧","Animals & Nature (animal-bird)","Animals & Nature","animal-bird"
"pensive face","https://github.githubassets.com/images/icons/emoji/unicode/1f614.png?v8","1F614","😔","Smileys & Emotion (face-sleepy)","Smileys & Emotion","face-sleepy"
"handshake","https://github.githubassets.com/images/icons/emoji/unicode/1f9d1-1f91d-1f9d1.png?v8","1F91D","🤝","People & Body (hands)","People & Body","hands"
"performing arts","https://github.githubassets.com/images/icons/emoji/unicode/1f3ad.png?v8","1F3AD","🎭","Activities (arts & crafts)","Activities","arts & crafts"
"persevering face","https://github.githubassets.com/images/icons/emoji/unicode/1f623.png?v8","1F623","😣","Smileys & Emotion (face-concerned)","Smileys & Emotion","face-concerned"
"person","https://github.githubassets.com/images/icons/emoji/unicode/1f9d1-1f9b2.png?v8","1F9D1","🧑","People & Body (person)","People & Body","person"
"person","https://github.githubassets.com/images/icons/emoji/unicode/1f9d1-1f9b1.png?v8","1F9D1","🧑","People & Body (person)","People & Body","person"
"person fencing","https://github.githubassets.com/images/icons/emoji/unicode/1f93a.png?v8","1F93A","🤺","People & Body (person-sport)","People & Body","person-sport"
"person","https://github.githubassets.com/images/icons/emoji/unicode/1f9d1-1f9bd.png?v8","1F9D1","🧑","People & Body (person)","People & Body","person"
"person","https://github.githubassets.com/images/icons/emoji/unicode/1f9d1-1f9bc.png?v8","1F9D1","🧑","People & Body (person)","People & Body","person"
"person","https://github.githubassets.com/images/icons/emoji/unicode/1f9d1-1f9b0.png?v8","1F9D1","🧑","People & Body (person)","People & Body","person"
"person","https://github.githubassets.com/images/icons/emoji/unicode/1f9d1-1f9b3.png?v8","1F9D1","🧑","People & Body (person)","People & Body","person"
"person","https://github.githubassets.com/images/icons/emoji/unicode/1f9d1-1f9af.png?v8","1F9D1","🧑","People & Body (person)","People & Body","person"
"person wearing turban","https://github.githubassets.com/images/icons/emoji/unicode/1f473.png?v8","1F473","👳","People & Body (person-role)","People & Body","person-role"
"flag: Estonia","https://github.githubassets.com/images/icons/emoji/unicode/1f1f5-1f1ea.png?v8","1F1EA 1F1EA","🇪🇪","Flags (country-flag)","Flags","country-flag"
"petri dish","https://github.githubassets.com/images/icons/emoji/unicode/1f9eb.png?v8","1F9EB","🧫","Objects (science)","Objects","science"
"flag: Philippines","https://github.githubassets.com/images/icons/emoji/unicode/1f1f5-1f1ed.png?v8","1F1F5 1F1ED","🇵🇭","Flags (country-flag)","Flags","country-flag"
"telephone","https://github.githubassets.com/images/icons/emoji/unicode/260e.png?v8","260E","☎","Objects (phone)","Objects","phone"
"pick","https://github.githubassets.com/images/icons/emoji/unicode/26cf.png?v8","26CF","⛏","Objects (tool)","Objects","tool"
"pie","https://github.githubassets.com/images/icons/emoji/unicode/1f967.png?v8","1F967","🥧","Food & Drink (food-sweet)","Food & Drink","food-sweet"
"pig face","https://github.githubassets.com/images/icons/emoji/unicode/1f437.png?v8","1F437","🐷","Animals & Nature (animal-mammal)","Animals & Nature","animal-mammal"
"pig","https://github.githubassets.com/images/icons/emoji/unicode/1f416.png?v8","1F416","🐖","Animals & Nature (animal-mammal)","Animals & Nature","animal-mammal"
"pig nose","https://github.githubassets.com/images/icons/emoji/unicode/1f43d.png?v8","1F43D","🐽","Animals & Nature (animal-mammal)","Animals & Nature","animal-mammal"
"pill","https://github.githubassets.com/images/icons/emoji/unicode/1f48a.png?v8","1F48A","💊","Objects (medical)","Objects","medical"
"person","https://github.githubassets.com/images/icons/emoji/unicode/1f9d1-2708.png?v8","1F9D1","🧑","People & Body (person)","People & Body","person"
"pinching hand","https://github.githubassets.com/images/icons/emoji/unicode/1f90f.png?v8","1F90F","🤏","People & Body (hand-fingers-partial)","People & Body","hand-fingers-partial"
"pineapple","https://github.githubassets.com/images/icons/emoji/unicode/1f34d.png?v8","1F34D","🍍","Food & Drink (food-fruit)","Food & Drink","food-fruit"
"ping pong","https://github.githubassets.com/images/icons/emoji/unicode/1f3d3.png?v8","1F3D3","🏓","Activities (sport)","Activities","sport"
"skull and crossbones","https://github.githubassets.com/images/icons/emoji/unicode/1f3f4-2620.png?v8","2620","☠","Smileys & Emotion (face-negative)","Smileys & Emotion","face-negative"
"Pisces","https://github.githubassets.com/images/icons/emoji/unicode/2653.png?v8","2653","♓","Symbols (zodiac)","Symbols","zodiac"
"flag: Nepal","https://github.githubassets.com/images/icons/emoji/unicode/1f1f5-1f1f3.png?v8","1F1F3 1F1F5","🇳🇵","Flags (country-flag)","Flags","country-flag"
"pizza","https://github.githubassets.com/images/icons/emoji/unicode/1f355.png?v8","1F355","🍕","Food & Drink (food-prepared)","Food & Drink","food-prepared"
"place of worship","https://github.githubassets.com/images/icons/emoji/unicode/1f6d0.png?v8","1F6D0","🛐","Symbols (religion)","Symbols","religion"
"fork and knife with plate","https://github.githubassets.com/images/icons/emoji/unicode/1f37d.png?v8","1F37D","🍽","Food & Drink (dishware)","Food & Drink","dishware"
"play or pause button","https://github.githubassets.com/images/icons/emoji/unicode/23ef.png?v8","23EF","⏯","Symbols (av-symbol)","Symbols","av-symbol"
"pleading face","https://github.githubassets.com/images/icons/emoji/unicode/1f97a.png?v8","1F97A","🥺","Smileys & Emotion (face-concerned)","Smileys & Emotion","face-concerned"
"backhand index pointing down","https://github.githubassets.com/images/icons/emoji/unicode/1f447.png?v8","1F447","👇","People & Body (hand-single-finger)","People & Body","hand-single-finger"
"backhand index pointing left","https://github.githubassets.com/images/icons/emoji/unicode/1f448.png?v8","1F448","👈","People & Body (hand-single-finger)","People & Body","hand-single-finger"
"backhand index pointing right","https://github.githubassets.com/images/icons/emoji/unicode/1f449.png?v8","1F449","👉","People & Body (hand-single-finger)","People & Body","hand-single-finger"
"index pointing up","https://github.githubassets.com/images/icons/emoji/unicode/261d.png?v8","261D","☝","People & Body (hand-single-finger)","People & Body","hand-single-finger"
"backhand index pointing up","https://github.githubassets.com/images/icons/emoji/unicode/1f446.png?v8","1F446","👆","People & Body (hand-single-finger)","People & Body","hand-single-finger"
"flag: Poland","https://github.githubassets.com/images/icons/emoji/unicode/1f1f5-1f1f1.png?v8","1F1F5 1F1F1","🇵🇱","Flags (country-flag)","Flags","country-flag"
"police car","https://github.githubassets.com/images/icons/emoji/unicode/1f693.png?v8","1F693","🚓","Travel & Places (transport-ground)","Travel & Places","transport-ground"
"police officer","https://github.githubassets.com/images/icons/emoji/unicode/1f46e.png?v8","1F46E","👮","People & Body (person-role)","People & Body","person-role"
"police officer","https://github.githubassets.com/images/icons/emoji/unicode/1f46e-2642.png?v8","1F46E","👮","People & Body (person-role)","People & Body","person-role"
"police officer","https://github.githubassets.com/images/icons/emoji/unicode/1f46e-2640.png?v8","1F46E","👮","People & Body (person-role)","People & Body","person-role"
"poodle","https://github.githubassets.com/images/icons/emoji/unicode/1f429.png?v8","1F429","🐩","Animals & Nature (animal-mammal)","Animals & Nature","animal-mammal"
"pile of poo","https://github.githubassets.com/images/icons/emoji/unicode/1f4a9.png?v8","1F4A9","💩","Smileys & Emotion (face-costume)","Smileys & Emotion","face-costume"
"popcorn","https://github.githubassets.com/images/icons/emoji/unicode/1f37f.png?v8","1F37F","🍿","Food & Drink (food-prepared)","Food & Drink","food-prepared"
"flag: Portugal","https://github.githubassets.com/images/icons/emoji/unicode/1f1f5-1f1f9.png?v8","1F1F5 1F1F9","🇵🇹","Flags (country-flag)","Flags","country-flag"
"Japanese post office","https://github.githubassets.com/images/icons/emoji/unicode/1f3e3.png?v8","1F3E3","🏣","Travel & Places (place-building)","Travel & Places","place-building"
"postal horn","https://github.githubassets.com/images/icons/emoji/unicode/1f4ef.png?v8","1F4EF","📯","Objects (sound)","Objects","sound"
"postbox","https://github.githubassets.com/images/icons/emoji/unicode/1f4ee.png?v8","1F4EE","📮","Objects (mail)","Objects","mail"
"potable water","https://github.githubassets.com/images/icons/emoji/unicode/1f6b0.png?v8","1F6B0","🚰","Symbols (transport-sign)","Symbols","transport-sign"
"potato","https://github.githubassets.com/images/icons/emoji/unicode/1f954.png?v8","1F954","🥔","Food & Drink (food-vegetable)","Food & Drink","food-vegetable"
"clutch bag","https://github.githubassets.com/images/icons/emoji/unicode/1f45d.png?v8","1F45D","👝","Objects (clothing)","Objects","clothing"
"poultry leg","https://github.githubassets.com/images/icons/emoji/unicode/1f357.png?v8","1F357","🍗","Food & Drink (food-prepared)","Food & Drink","food-prepared"
"pound banknote","https://github.githubassets.com/images/icons/emoji/unicode/1f4b7.png?v8","1F4B7","💷","Objects (money)","Objects","money"
"pouting face","https://github.githubassets.com/images/icons/emoji/unicode/1f621.png?v8","1F621","😡","Smileys & Emotion (face-negative)","Smileys & Emotion","face-negative"
"pouting cat","https://github.githubassets.com/images/icons/emoji/unicode/1f63e.png?v8","1F63E","😾","Smileys & Emotion (cat-face)","Smileys & Emotion","cat-face"
"person pouting","https://github.githubassets.com/images/icons/emoji/unicode/1f64e.png?v8","1F64E","🙎","People & Body (person-gesture)","People & Body","person-gesture"
"person pouting","https://github.githubassets.com/images/icons/emoji/unicode/1f64e-2642.png?v8","1F64E","🙎","People & Body (person-gesture)","People & Body","person-gesture"
"person pouting","https://github.githubassets.com/images/icons/emoji/unicode/1f64e-2640.png?v8","1F64E","🙎","People & Body (person-gesture)","People & Body","person-gesture"
"folded hands","https://github.githubassets.com/images/icons/emoji/unicode/1f64f.png?v8","1F64F","🙏","People & Body (hands)","People & Body","hands"
"prayer beads","https://github.githubassets.com/images/icons/emoji/unicode/1f4ff.png?v8","1F4FF","📿","Objects (clothing)","Objects","clothing"
"pregnant woman","https://github.githubassets.com/images/icons/emoji/unicode/1f930.png?v8","1F930","🤰","People & Body (person-role)","People & Body","person-role"
"pretzel","https://github.githubassets.com/images/icons/emoji/unicode/1f968.png?v8","1F968","🥨","Food & Drink (food-prepared)","Food & Drink","food-prepared"
"last track button","https://github.githubassets.com/images/icons/emoji/unicode/23ee.png?v8","23EE","⏮","Symbols (av-symbol)","Symbols","av-symbol"
"prince","https://github.githubassets.com/images/icons/emoji/unicode/1f934.png?v8","1F934","🤴","People & Body (person-role)","People & Body","person-role"
"princess","https://github.githubassets.com/images/icons/emoji/unicode/1f478.png?v8","1F478","👸","People & Body (person-role)","People & Body","person-role"
"printer","https://github.githubassets.com/images/icons/emoji/unicode/1f5a8.png?v8","1F5A8","🖨","Objects (computer)","Objects","computer"
"probing cane","https://github.githubassets.com/images/icons/emoji/unicode/1f9af.png?v8","1F9AF","🦯","Objects (tool)","Objects","tool"
"flag: Puerto Rico","https://github.githubassets.com/images/icons/emoji/unicode/1f1f5-1f1f7.png?v8","1F1F5 1F1F7","🇵🇷","Flags (country-flag)","Flags","country-flag"
"oncoming fist","https://github.githubassets.com/images/icons/emoji/unicode/1f44a.png?v8","1F44A","👊","People & Body (hand-fingers-closed)","People & Body","hand-fingers-closed"
"purple circle","https://github.githubassets.com/images/icons/emoji/unicode/1f7e3.png?v8","1F7E3","🟣","Symbols (geometric)","Symbols","geometric"
"purple heart","https://github.githubassets.com/images/icons/emoji/unicode/1f49c.png?v8","1F49C","💜","Smileys & Emotion (emotion)","Smileys & Emotion","emotion"
"purple square","https://github.githubassets.com/images/icons/emoji/unicode/1f7ea.png?v8","1F7EA","🟪","Symbols (geometric)","Symbols","geometric"
"purse","https://github.githubassets.com/images/icons/emoji/unicode/1f45b.png?v8","1F45B","👛","Objects (clothing)","Objects","clothing"
"pushpin","https://github.githubassets.com/images/icons/emoji/unicode/1f4cc.png?v8","1F4CC","📌","Objects (office)","Objects","office"
"litter in bin sign","https://github.githubassets.com/images/icons/emoji/unicode/1f6ae.png?v8","1F6AE","🚮","Symbols (transport-sign)","Symbols","transport-sign"
"flag: Antarctica","https://github.githubassets.com/images/icons/emoji/unicode/1f1f6-1f1e6.png?v8","1F1E6 1F1F6","🇦🇶","Flags (country-flag)","Flags","country-flag"
"question mark","https://github.githubassets.com/images/icons/emoji/unicode/2753.png?v8","2753","❓","Symbols (other-symbol)","Symbols","other-symbol"
"rabbit face","https://github.githubassets.com/images/icons/emoji/unicode/1f430.png?v8","1F430","🐰","Animals & Nature (animal-mammal)","Animals & Nature","animal-mammal"
"rabbit","https://github.githubassets.com/images/icons/emoji/unicode/1f407.png?v8","1F407","🐇","Animals & Nature (animal-mammal)","Animals & Nature","animal-mammal"
"raccoon","https://github.githubassets.com/images/icons/emoji/unicode/1f99d.png?v8","1F99D","🦝","Animals & Nature (animal-mammal)","Animals & Nature","animal-mammal"
"horse","https://github.githubassets.com/images/icons/emoji/unicode/1f40e.png?v8","1F40E","🐎","Animals & Nature (animal-mammal)","Animals & Nature","animal-mammal"
"racing car","https://github.githubassets.com/images/icons/emoji/unicode/1f3ce.png?v8","1F3CE","🏎","Travel & Places (transport-ground)","Travel & Places","transport-ground"
"radio","https://github.githubassets.com/images/icons/emoji/unicode/1f4fb.png?v8","1F4FB","📻","Objects (music)","Objects","music"
"radio button","https://github.githubassets.com/images/icons/emoji/unicode/1f518.png?v8","1F518","🔘","Symbols (geometric)","Symbols","geometric"
"radioactive","https://github.githubassets.com/images/icons/emoji/unicode/2622.png?v8","2622","☢","Symbols (warning)","Symbols","warning"
"pouting face","https://github.githubassets.com/images/icons/emoji/unicode/1f621.png?v8","1F621","😡","Smileys & Emotion (face-negative)","Smileys & Emotion","face-negative"
"rage1","https://github.githubassets.com/images/icons/emoji/rage1.png?v8",undefined,undefined,undefined,undefined,undefined
"rage2","https://github.githubassets.com/images/icons/emoji/rage2.png?v8",undefined,undefined,undefined,undefined,undefined
"rage3","https://github.githubassets.com/images/icons/emoji/rage3.png?v8",undefined,undefined,undefined,undefined,undefined
"rage4","https://github.githubassets.com/images/icons/emoji/rage4.png?v8",undefined,undefined,undefined,undefined,undefined
"railway car","https://github.githubassets.com/images/icons/emoji/unicode/1f683.png?v8","1F683","🚃","Travel & Places (transport-ground)","Travel & Places","transport-ground"
"railway track","https://github.githubassets.com/images/icons/emoji/unicode/1f6e4.png?v8","1F6E4","🛤","Travel & Places (transport-ground)","Travel & Places","transport-ground"
"rainbow","https://github.githubassets.com/images/icons/emoji/unicode/1f308.png?v8","1F308","🌈","Travel & Places (sky & weather)","Travel & Places","sky & weather"
"rainbow","https://github.githubassets.com/images/icons/emoji/unicode/1f3f3-1f308.png?v8","1F308","🌈","Travel & Places (sky & weather)","Travel & Places","sky & weather"
"raised back of hand","https://github.githubassets.com/images/icons/emoji/unicode/1f91a.png?v8","1F91A","🤚","People & Body (hand-fingers-open)","People & Body","hand-fingers-open"
"face with raised eyebrow","https://github.githubassets.com/images/icons/emoji/unicode/1f928.png?v8","1F928","🤨","Smileys & Emotion (face-neutral-skeptical)","Smileys & Emotion","face-neutral-skeptical"
"raised hand","https://github.githubassets.com/images/icons/emoji/unicode/270b.png?v8","270B","✋","People & Body (hand-fingers-open)","People & Body","hand-fingers-open"
"hand with fingers splayed","https://github.githubassets.com/images/icons/emoji/unicode/1f590.png?v8","1F590","🖐","People & Body (hand-fingers-open)","People & Body","hand-fingers-open"
"raising hands","https://github.githubassets.com/images/icons/emoji/unicode/1f64c.png?v8","1F64C","🙌","People & Body (hands)","People & Body","hands"
"person raising hand","https://github.githubassets.com/images/icons/emoji/unicode/1f64b.png?v8","1F64B","🙋","People & Body (person-gesture)","People & Body","person-gesture"
"person raising hand","https://github.githubassets.com/images/icons/emoji/unicode/1f64b-2642.png?v8","1F64B","🙋","People & Body (person-gesture)","People & Body","person-gesture"
"person raising hand","https://github.githubassets.com/images/icons/emoji/unicode/1f64b-2640.png?v8","1F64B","🙋","People & Body (person-gesture)","People & Body","person-gesture"
"ram","https://github.githubassets.com/images/icons/emoji/unicode/1f40f.png?v8","1F40F","🐏","Animals & Nature (animal-mammal)","Animals & Nature","animal-mammal"
"steaming bowl","https://github.githubassets.com/images/icons/emoji/unicode/1f35c.png?v8","1F35C","🍜","Food & Drink (food-asian)","Food & Drink","food-asian"
"rat","https://github.githubassets.com/images/icons/emoji/unicode/1f400.png?v8","1F400","🐀","Animals & Nature (animal-mammal)","Animals & Nature","animal-mammal"
"razor","https://github.githubassets.com/images/icons/emoji/unicode/1fa92.png?v8","1FA92","🪒","Objects (household)","Objects","household"
"receipt","https://github.githubassets.com/images/icons/emoji/unicode/1f9fe.png?v8","1F9FE","🧾","Objects (money)","Objects","money"
"record button","https://github.githubassets.com/images/icons/emoji/unicode/23fa.png?v8","23FA","⏺","Symbols (av-symbol)","Symbols","av-symbol"
"recycling symbol","https://github.githubassets.com/images/icons/emoji/unicode/267b.png?v8","267B","♻","Symbols (other-symbol)","Symbols","other-symbol"
"automobile","https://github.githubassets.com/images/icons/emoji/unicode/1f697.png?v8","1F697","🚗","Travel & Places (transport-ground)","Travel & Places","transport-ground"
"red circle","https://github.githubassets.com/images/icons/emoji/unicode/1f534.png?v8","1F534","🔴","Symbols (geometric)","Symbols","geometric"
"red envelope","https://github.githubassets.com/images/icons/emoji/unicode/1f9e7.png?v8","1F9E7","🧧","Activities (event)","Activities","event"
"man","https://github.githubassets.com/images/icons/emoji/unicode/1f468-1f9b0.png?v8","1F468","👨","People & Body (person)","People & Body","person"
"woman","https://github.githubassets.com/images/icons/emoji/unicode/1f469-1f9b0.png?v8","1F469","👩","People & Body (person)","People & Body","person"
"red square","https://github.githubassets.com/images/icons/emoji/unicode/1f7e5.png?v8","1F7E5","🟥","Symbols (geometric)","Symbols","geometric"
"registered","https://github.githubassets.com/images/icons/emoji/unicode/00ae.png?v8","00AE","®","Symbols (other-symbol)","Symbols","other-symbol"
"smiling face","https://github.githubassets.com/images/icons/emoji/unicode/263a.png?v8","263A","☺","Smileys & Emotion (face-affection)","Smileys & Emotion","face-affection"
"relieved face","https://github.githubassets.com/images/icons/emoji/unicode/1f60c.png?v8","1F60C","😌","Smileys & Emotion (face-sleepy)","Smileys & Emotion","face-sleepy"
"reminder ribbon","https://github.githubassets.com/images/icons/emoji/unicode/1f397.png?v8","1F397","🎗","Activities (event)","Activities","event"
"repeat button","https://github.githubassets.com/images/icons/emoji/unicode/1f501.png?v8","1F501","🔁","Symbols (av-symbol)","Symbols","av-symbol"
"repeat single button","https://github.githubassets.com/images/icons/emoji/unicode/1f502.png?v8","1F502","🔂","Symbols (av-symbol)","Symbols","av-symbol"
"rescue worker’s helmet","https://github.githubassets.com/images/icons/emoji/unicode/26d1.png?v8","26D1","⛑","Objects (clothing)","Objects","clothing"
"restroom","https://github.githubassets.com/images/icons/emoji/unicode/1f6bb.png?v8","1F6BB","🚻","Symbols (transport-sign)","Symbols","transport-sign"
"flag: Estonia","https://github.githubassets.com/images/icons/emoji/unicode/1f1f7-1f1ea.png?v8","1F1EA 1F1EA","🇪🇪","Flags (country-flag)","Flags","country-flag"
"revolving hearts","https://github.githubassets.com/images/icons/emoji/unicode/1f49e.png?v8","1F49E","💞","Smileys & Emotion (emotion)","Smileys & Emotion","emotion"
"fast reverse button","https://github.githubassets.com/images/icons/emoji/unicode/23ea.png?v8","23EA","⏪","Symbols (av-symbol)","Symbols","av-symbol"
"rhinoceros","https://github.githubassets.com/images/icons/emoji/unicode/1f98f.png?v8","1F98F","🦏","Animals & Nature (animal-mammal)","Animals & Nature","animal-mammal"
"ribbon","https://github.githubassets.com/images/icons/emoji/unicode/1f380.png?v8","1F380","🎀","Activities (event)","Activities","event"
"cooked rice","https://github.githubassets.com/images/icons/emoji/unicode/1f35a.png?v8","1F35A","🍚","Food & Drink (food-asian)","Food & Drink","food-asian"
"rice ball","https://github.githubassets.com/images/icons/emoji/unicode/1f359.png?v8","1F359","🍙","Food & Drink (food-asian)","Food & Drink","food-asian"
"rice cracker","https://github.githubassets.com/images/icons/emoji/unicode/1f358.png?v8","1F358","🍘","Food & Drink (food-asian)","Food & Drink","food-asian"
"moon viewing ceremony","https://github.githubassets.com/images/icons/emoji/unicode/1f391.png?v8","1F391","🎑","Activities (event)","Activities","event"
"right anger bubble","https://github.githubassets.com/images/icons/emoji/unicode/1f5ef.png?v8","1F5EF","🗯","Smileys & Emotion (emotion)","Smileys & Emotion","emotion"
"ring","https://github.githubassets.com/images/icons/emoji/unicode/1f48d.png?v8","1F48D","💍","Objects (clothing)","Objects","clothing"
"ringed planet","https://github.githubassets.com/images/icons/emoji/unicode/1fa90.png?v8","1FA90","🪐","Travel & Places (sky & weather)","Travel & Places","sky & weather"
"robot","https://github.githubassets.com/images/icons/emoji/unicode/1f916.png?v8","1F916","🤖","Smileys & Emotion (face-costume)","Smileys & Emotion","face-costume"
"rocket","https://github.githubassets.com/images/icons/emoji/unicode/1f680.png?v8","1F680","🚀","Travel & Places (transport-air)","Travel & Places","transport-air"
"rolling on the floor laughing","https://github.githubassets.com/images/icons/emoji/unicode/1f923.png?v8","1F923","🤣","Smileys & Emotion (face-smiling)","Smileys & Emotion","face-smiling"
"face with rolling eyes","https://github.githubassets.com/images/icons/emoji/unicode/1f644.png?v8","1F644","🙄","Smileys & Emotion (face-neutral-skeptical)","Smileys & Emotion","face-neutral-skeptical"
"roll of paper","https://github.githubassets.com/images/icons/emoji/unicode/1f9fb.png?v8","1F9FB","🧻","Objects (household)","Objects","household"
"roller coaster","https://github.githubassets.com/images/icons/emoji/unicode/1f3a2.png?v8","1F3A2","🎢","Travel & Places (place-other)","Travel & Places","place-other"
"flag: Romania","https://github.githubassets.com/images/icons/emoji/unicode/1f1f7-1f1f4.png?v8","1F1F7 1F1F4","🇷🇴","Flags (country-flag)","Flags","country-flag"
"rooster","https://github.githubassets.com/images/icons/emoji/unicode/1f413.png?v8","1F413","🐓","Animals & Nature (animal-bird)","Animals & Nature","animal-bird"
"rose","https://github.githubassets.com/images/icons/emoji/unicode/1f339.png?v8","1F339","🌹","Animals & Nature (plant-flower)","Animals & Nature","plant-flower"
"rosette","https://github.githubassets.com/images/icons/emoji/unicode/1f3f5.png?v8","1F3F5","🏵","Animals & Nature (plant-flower)","Animals & Nature","plant-flower"
"police car light","https://github.githubassets.com/images/icons/emoji/unicode/1f6a8.png?v8","1F6A8","🚨","Travel & Places (transport-ground)","Travel & Places","transport-ground"
"round pushpin","https://github.githubassets.com/images/icons/emoji/unicode/1f4cd.png?v8","1F4CD","📍","Objects (office)","Objects","office"
"person rowing boat","https://github.githubassets.com/images/icons/emoji/unicode/1f6a3.png?v8","1F6A3","🚣","People & Body (person-sport)","People & Body","person-sport"
"person rowing boat","https://github.githubassets.com/images/icons/emoji/unicode/1f6a3-2642.png?v8","1F6A3","🚣","People & Body (person-sport)","People & Body","person-sport"
"person rowing boat","https://github.githubassets.com/images/icons/emoji/unicode/1f6a3-2640.png?v8","1F6A3","🚣","People & Body (person-sport)","People & Body","person-sport"
"flag: Russia","https://github.githubassets.com/images/icons/emoji/unicode/1f1f7-1f1fa.png?v8","1F1F7 1F1FA","🇷🇺","Flags (country-flag)","Flags","country-flag"
"rugby football","https://github.githubassets.com/images/icons/emoji/unicode/1f3c9.png?v8","1F3C9","🏉","Activities (sport)","Activities","sport"
"person running","https://github.githubassets.com/images/icons/emoji/unicode/1f3c3.png?v8","1F3C3","🏃","People & Body (person-activity)","People & Body","person-activity"
"person running","https://github.githubassets.com/images/icons/emoji/unicode/1f3c3.png?v8","1F3C3","🏃","People & Body (person-activity)","People & Body","person-activity"
"person running","https://github.githubassets.com/images/icons/emoji/unicode/1f3c3-2642.png?v8","1F3C3","🏃","People & Body (person-activity)","People & Body","person-activity"
"running shirt","https://github.githubassets.com/images/icons/emoji/unicode/1f3bd.png?v8","1F3BD","🎽","Activities (sport)","Activities","sport"
"person running","https://github.githubassets.com/images/icons/emoji/unicode/1f3c3-2640.png?v8","1F3C3","🏃","People & Body (person-activity)","People & Body","person-activity"
"flag: Rwanda","https://github.githubassets.com/images/icons/emoji/unicode/1f1f7-1f1fc.png?v8","1F1F7 1F1FC","🇷🇼","Flags (country-flag)","Flags","country-flag"
"Japanese “service charge” button","https://github.githubassets.com/images/icons/emoji/unicode/1f202.png?v8","1F202","🈂","Symbols (alphanum)","Symbols","alphanum"
"safety pin","https://github.githubassets.com/images/icons/emoji/unicode/1f9f7.png?v8","1F9F7","🧷","Objects (household)","Objects","household"
"safety vest","https://github.githubassets.com/images/icons/emoji/unicode/1f9ba.png?v8","1F9BA","🦺","Objects (clothing)","Objects","clothing"
"Sagittarius","https://github.githubassets.com/images/icons/emoji/unicode/2650.png?v8","2650","♐","Symbols (zodiac)","Symbols","zodiac"
"sailboat","https://github.githubassets.com/images/icons/emoji/unicode/26f5.png?v8","26F5","⛵","Travel & Places (transport-water)","Travel & Places","transport-water"
"sake","https://github.githubassets.com/images/icons/emoji/unicode/1f376.png?v8","1F376","🍶","Food & Drink (drink)","Food & Drink","drink"
"salt","https://github.githubassets.com/images/icons/emoji/unicode/1f9c2.png?v8","1F9C2","🧂","Food & Drink (food-prepared)","Food & Drink","food-prepared"
"flag: South Sudan","https://github.githubassets.com/images/icons/emoji/unicode/1f1fc-1f1f8.png?v8","1F1F8 1F1F8","🇸🇸","Flags (country-flag)","Flags","country-flag"
"flag: Myanmar (Burma)","https://github.githubassets.com/images/icons/emoji/unicode/1f1f8-1f1f2.png?v8","1F1F2 1F1F2","🇲🇲","Flags (country-flag)","Flags","country-flag"
"woman’s sandal","https://github.githubassets.com/images/icons/emoji/unicode/1f461.png?v8","1F461","👡","Objects (clothing)","Objects","clothing"
"sandwich","https://github.githubassets.com/images/icons/emoji/unicode/1f96a.png?v8","1F96A","🥪","Food & Drink (food-prepared)","Food & Drink","food-prepared"
"Santa Claus","https://github.githubassets.com/images/icons/emoji/unicode/1f385.png?v8","1F385","🎅","People & Body (person-fantasy)","People & Body","person-fantasy"
"flag: South Sudan","https://github.githubassets.com/images/icons/emoji/unicode/1f1f8-1f1f9.png?v8","1F1F8 1F1F8","🇸🇸","Flags (country-flag)","Flags","country-flag"
"sari","https://github.githubassets.com/images/icons/emoji/unicode/1f97b.png?v8","1F97B","🥻","Objects (clothing)","Objects","clothing"
"person tipping hand","https://github.githubassets.com/images/icons/emoji/unicode/1f481-2642.png?v8","1F481","💁","People & Body (person-gesture)","People & Body","person-gesture"
"person tipping hand","https://github.githubassets.com/images/icons/emoji/unicode/1f481-2640.png?v8","1F481","💁","People & Body (person-gesture)","People & Body","person-gesture"
"satellite antenna","https://github.githubassets.com/images/icons/emoji/unicode/1f4e1.png?v8","1F4E1","📡","Objects (science)","Objects","science"
"grinning squinting face","https://github.githubassets.com/images/icons/emoji/unicode/1f606.png?v8","1F606","😆","Smileys & Emotion (face-smiling)","Smileys & Emotion","face-smiling"
"flag: American Samoa","https://github.githubassets.com/images/icons/emoji/unicode/1f1f8-1f1e6.png?v8","1F1E6 1F1F8","🇦🇸","Flags (country-flag)","Flags","country-flag"
"person in steamy room","https://github.githubassets.com/images/icons/emoji/unicode/1f9d6-2642.png?v8","1F9D6","🧖","People & Body (person-activity)","People & Body","person-activity"
"person in steamy room","https://github.githubassets.com/images/icons/emoji/unicode/1f9d6.png?v8","1F9D6","🧖","People & Body (person-activity)","People & Body","person-activity"
"person in steamy room","https://github.githubassets.com/images/icons/emoji/unicode/1f9d6-2640.png?v8","1F9D6","🧖","People & Body (person-activity)","People & Body","person-activity"
"sauropod","https://github.githubassets.com/images/icons/emoji/unicode/1f995.png?v8","1F995","🦕","Animals & Nature (animal-reptile)","Animals & Nature","animal-reptile"
"saxophone","https://github.githubassets.com/images/icons/emoji/unicode/1f3b7.png?v8","1F3B7","🎷","Objects (musical-instrument)","Objects","musical-instrument"
"scarf","https://github.githubassets.com/images/icons/emoji/unicode/1f9e3.png?v8","1F9E3","🧣","Objects (clothing)","Objects","clothing"
"school","https://github.githubassets.com/images/icons/emoji/unicode/1f3eb.png?v8","1F3EB","🏫","Travel & Places (place-building)","Travel & Places","place-building"
"backpack","https://github.githubassets.com/images/icons/emoji/unicode/1f392.png?v8","1F392","🎒","Objects (clothing)","Objects","clothing"
"person","https://github.githubassets.com/images/icons/emoji/unicode/1f9d1-1f52c.png?v8","1F9D1","🧑","People & Body (person)","People & Body","person"
"scissors","https://github.githubassets.com/images/icons/emoji/unicode/2702.png?v8","2702","✂","Objects (office)","Objects","office"
"scorpion","https://github.githubassets.com/images/icons/emoji/unicode/1f982.png?v8","1F982","🦂","Animals & Nature (animal-bug)","Animals & Nature","animal-bug"
"Scorpio","https://github.githubassets.com/images/icons/emoji/unicode/264f.png?v8","264F","♏","Symbols (zodiac)","Symbols","zodiac"
"black flag","https://github.githubassets.com/images/icons/emoji/unicode/1f3f4-e0067-e0062-e0073-e0063-e0074-e007f.png?v8","1F3F4","🏴","Flags (flag)","Flags","flag"
"face screaming in fear","https://github.githubassets.com/images/icons/emoji/unicode/1f631.png?v8","1F631","😱","Smileys & Emotion (face-concerned)","Smileys & Emotion","face-concerned"
"weary cat","https://github.githubassets.com/images/icons/emoji/unicode/1f640.png?v8","1F640","🙀","Smileys & Emotion (cat-face)","Smileys & Emotion","cat-face"
"scroll","https://github.githubassets.com/images/icons/emoji/unicode/1f4dc.png?v8","1F4DC","📜","Objects (book-paper)","Objects","book-paper"
"seat","https://github.githubassets.com/images/icons/emoji/unicode/1f4ba.png?v8","1F4BA","💺","Travel & Places (transport-air)","Travel & Places","transport-air"
"Japanese “secret” button","https://github.githubassets.com/images/icons/emoji/unicode/3299.png?v8","3299","㊙","Symbols (alphanum)","Symbols","alphanum"
"see-no-evil monkey","https://github.githubassets.com/images/icons/emoji/unicode/1f648.png?v8","1F648","🙈","Smileys & Emotion (monkey-face)","Smileys & Emotion","monkey-face"
"seedling","https://github.githubassets.com/images/icons/emoji/unicode/1f331.png?v8","1F331","🌱","Animals & Nature (plant-other)","Animals & Nature","plant-other"
"selfie","https://github.githubassets.com/images/icons/emoji/unicode/1f933.png?v8","1F933","🤳","People & Body (hand-prop)","People & Body","hand-prop"
"flag: Senegal","https://github.githubassets.com/images/icons/emoji/unicode/1f1f8-1f1f3.png?v8","1F1F8 1F1F3","🇸🇳","Flags (country-flag)","Flags","country-flag"
"flag: Serbia","https://github.githubassets.com/images/icons/emoji/unicode/1f1f7-1f1f8.png?v8","1F1F7 1F1F8","🇷🇸","Flags (country-flag)","Flags","country-flag"
"dog","https://github.githubassets.com/images/icons/emoji/unicode/1f415-1f9ba.png?v8","1F415","🐕","Animals & Nature (animal-mammal)","Animals & Nature","animal-mammal"
"keycap: 7","https://github.githubassets.com/images/icons/emoji/unicode/0037-20e3.png?v8","0037 20E3","7⃣","Symbols (keycap)","Symbols","keycap"
"flag: Cocos (Keeling) Islands","https://github.githubassets.com/images/icons/emoji/unicode/1f1f8-1f1e8.png?v8","1F1E8 1F1E8","🇨🇨","Flags (country-flag)","Flags","country-flag"
"shallow pan of food","https://github.githubassets.com/images/icons/emoji/unicode/1f958.png?v8","1F958","🥘","Food & Drink (food-prepared)","Food & Drink","food-prepared"
"shamrock","https://github.githubassets.com/images/icons/emoji/unicode/2618.png?v8","2618","☘","Animals & Nature (plant-other)","Animals & Nature","plant-other"
"shark","https://github.githubassets.com/images/icons/emoji/unicode/1f988.png?v8","1F988","🦈","Animals & Nature (animal-marine)","Animals & Nature","animal-marine"
"shaved ice","https://github.githubassets.com/images/icons/emoji/unicode/1f367.png?v8","1F367","🍧","Food & Drink (food-sweet)","Food & Drink","food-sweet"
"ewe","https://github.githubassets.com/images/icons/emoji/unicode/1f411.png?v8","1F411","🐑","Animals & Nature (animal-mammal)","Animals & Nature","animal-mammal"
"spiral shell","https://github.githubassets.com/images/icons/emoji/unicode/1f41a.png?v8","1F41A","🐚","Animals & Nature (animal-marine)","Animals & Nature","animal-marine"
"shield","https://github.githubassets.com/images/icons/emoji/unicode/1f6e1.png?v8","1F6E1","🛡","Objects (tool)","Objects","tool"
"shinto shrine","https://github.githubassets.com/images/icons/emoji/unicode/26e9.png?v8","26E9","⛩","Travel & Places (place-religious)","Travel & Places","place-religious"
"ship","https://github.githubassets.com/images/icons/emoji/unicode/1f6a2.png?v8","1F6A2","🚢","Travel & Places (transport-water)","Travel & Places","transport-water"
"shipit","https://github.githubassets.com/images/icons/emoji/shipit.png?v8",undefined,undefined,undefined,undefined,undefined
"t-shirt","https://github.githubassets.com/images/icons/emoji/unicode/1f455.png?v8","1F455","👕","Objects (clothing)","Objects","clothing"
"pile of poo","https://github.githubassets.com/images/icons/emoji/unicode/1f4a9.png?v8","1F4A9","💩","Smileys & Emotion (face-costume)","Smileys & Emotion","face-costume"
"man’s shoe","https://github.githubassets.com/images/icons/emoji/unicode/1f45e.png?v8","1F45E","👞","Objects (clothing)","Objects","clothing"
"shopping bags","https://github.githubassets.com/images/icons/emoji/unicode/1f6cd.png?v8","1F6CD","🛍","Objects (clothing)","Objects","clothing"
"shopping cart","https://github.githubassets.com/images/icons/emoji/unicode/1f6d2.png?v8","1F6D2","🛒","Objects (household)","Objects","household"
"shorts","https://github.githubassets.com/images/icons/emoji/unicode/1fa73.png?v8","1FA73","🩳","Objects (clothing)","Objects","clothing"
"shower","https://github.githubassets.com/images/icons/emoji/unicode/1f6bf.png?v8","1F6BF","🚿","Objects (household)","Objects","household"
"shrimp","https://github.githubassets.com/images/icons/emoji/unicode/1f990.png?v8","1F990","🦐","Food & Drink (food-marine)","Food & Drink","food-marine"
"person shrugging","https://github.githubassets.com/images/icons/emoji/unicode/1f937.png?v8","1F937","🤷","People & Body (person-gesture)","People & Body","person-gesture"
"shushing face","https://github.githubassets.com/images/icons/emoji/unicode/1f92b.png?v8","1F92B","🤫","Smileys & Emotion (face-hand)","Smileys & Emotion","face-hand"
"flag: Lesotho","https://github.githubassets.com/images/icons/emoji/unicode/1f1f8-1f1f1.png?v8","1F1F1 1F1F8","🇱🇸","Flags (country-flag)","Flags","country-flag"
"antenna bars","https://github.githubassets.com/images/icons/emoji/unicode/1f4f6.png?v8","1F4F6","📶","Symbols (av-symbol)","Symbols","av-symbol"
"flag: Guernsey","https://github.githubassets.com/images/icons/emoji/unicode/1f1f8-1f1ec.png?v8","1F1EC 1F1EC","🇬🇬","Flags (country-flag)","Flags","country-flag"
"person","https://github.githubassets.com/images/icons/emoji/unicode/1f9d1-1f3a4.png?v8","1F9D1","🧑","People & Body (person)","People & Body","person"
"flag: South Sudan","https://github.githubassets.com/images/icons/emoji/unicode/1f1f8-1f1fd.png?v8","1F1F8 1F1F8","🇸🇸","Flags (country-flag)","Flags","country-flag"
"keycap: 6","https://github.githubassets.com/images/icons/emoji/unicode/0036-20e3.png?v8","0036 20E3","6⃣","Symbols (keycap)","Symbols","keycap"
"dotted six-pointed star","https://github.githubassets.com/images/icons/emoji/unicode/1f52f.png?v8","1F52F","🔯","Symbols (religion)","Symbols","religion"
"skateboard","https://github.githubassets.com/images/icons/emoji/unicode/1f6f9.png?v8","1F6F9","🛹","Travel & Places (transport-ground)","Travel & Places","transport-ground"
"skis","https://github.githubassets.com/images/icons/emoji/unicode/1f3bf.png?v8","1F3BF","🎿","Activities (sport)","Activities","sport"
"skier","https://github.githubassets.com/images/icons/emoji/unicode/26f7.png?v8","26F7","⛷","People & Body (person-sport)","People & Body","person-sport"
"skull","https://github.githubassets.com/images/icons/emoji/unicode/1f480.png?v8","1F480","💀","Smileys & Emotion (face-negative)","Smileys & Emotion","face-negative"
"skull and crossbones","https://github.githubassets.com/images/icons/emoji/unicode/2620.png?v8","2620","☠","Smileys & Emotion (face-negative)","Smileys & Emotion","face-negative"
"skunk","https://github.githubassets.com/images/icons/emoji/unicode/1f9a8.png?v8","1F9A8","🦨","Animals & Nature (animal-mammal)","Animals & Nature","animal-mammal"
"sled","https://github.githubassets.com/images/icons/emoji/unicode/1f6f7.png?v8","1F6F7","🛷","Activities (sport)","Activities","sport"
"sleeping face","https://github.githubassets.com/images/icons/emoji/unicode/1f634.png?v8","1F634","😴","Smileys & Emotion (face-sleepy)","Smileys & Emotion","face-sleepy"
"person in bed","https://github.githubassets.com/images/icons/emoji/unicode/1f6cc.png?v8","1F6CC","🛌","People & Body (person-resting)","People & Body","person-resting"
"sleepy face","https://github.githubassets.com/images/icons/emoji/unicode/1f62a.png?v8","1F62A","😪","Smileys & Emotion (face-sleepy)","Smileys & Emotion","face-sleepy"
"slightly frowning face","https://github.githubassets.com/images/icons/emoji/unicode/1f641.png?v8","1F641","🙁","Smileys & Emotion (face-concerned)","Smileys & Emotion","face-concerned"
"slightly smiling face","https://github.githubassets.com/images/icons/emoji/unicode/1f642.png?v8","1F642","🙂","Smileys & Emotion (face-smiling)","Smileys & Emotion","face-smiling"
"slot machine","https://github.githubassets.com/images/icons/emoji/unicode/1f3b0.png?v8","1F3B0","🎰","Activities (game)","Activities","game"
"sloth","https://github.githubassets.com/images/icons/emoji/unicode/1f9a5.png?v8","1F9A5","🦥","Animals & Nature (animal-mammal)","Animals & Nature","animal-mammal"
"flag: Slovakia","https://github.githubassets.com/images/icons/emoji/unicode/1f1f8-1f1f0.png?v8","1F1F8 1F1F0","🇸🇰","Flags (country-flag)","Flags","country-flag"
"flag: Iceland","https://github.githubassets.com/images/icons/emoji/unicode/1f1f8-1f1ee.png?v8","1F1EE 1F1F8","🇮🇸","Flags (country-flag)","Flags","country-flag"
"small airplane","https://github.githubassets.com/images/icons/emoji/unicode/1f6e9.png?v8","1F6E9","🛩","Travel & Places (transport-air)","Travel & Places","transport-air"
"small blue diamond","https://github.githubassets.com/images/icons/emoji/unicode/1f539.png?v8","1F539","🔹","Symbols (geometric)","Symbols","geometric"
"small orange diamond","https://github.githubassets.com/images/icons/emoji/unicode/1f538.png?v8","1F538","🔸","Symbols (geometric)","Symbols","geometric"
"red triangle pointed up","https://github.githubassets.com/images/icons/emoji/unicode/1f53a.png?v8","1F53A","🔺","Symbols (geometric)","Symbols","geometric"
"red triangle pointed down","https://github.githubassets.com/images/icons/emoji/unicode/1f53b.png?v8","1F53B","🔻","Symbols (geometric)","Symbols","geometric"
"grinning face with smiling eyes","https://github.githubassets.com/images/icons/emoji/unicode/1f604.png?v8","1F604","😄","Smileys & Emotion (face-smiling)","Smileys & Emotion","face-smiling"
"grinning cat with smiling eyes","https://github.githubassets.com/images/icons/emoji/unicode/1f638.png?v8","1F638","😸","Smileys & Emotion (cat-face)","Smileys & Emotion","cat-face"
"grinning face with big eyes","https://github.githubassets.com/images/icons/emoji/unicode/1f603.png?v8","1F603","😃","Smileys & Emotion (face-smiling)","Smileys & Emotion","face-smiling"
"grinning cat","https://github.githubassets.com/images/icons/emoji/unicode/1f63a.png?v8","1F63A","😺","Smileys & Emotion (cat-face)","Smileys & Emotion","cat-face"
"smiling face with hearts","https://github.githubassets.com/images/icons/emoji/unicode/1f970.png?v8","1F970","🥰","Smileys & Emotion (face-affection)","Smileys & Emotion","face-affection"
"smiling face with horns","https://github.githubassets.com/images/icons/emoji/unicode/1f608.png?v8","1F608","😈","Smileys & Emotion (face-negative)","Smileys & Emotion","face-negative"
"smirking face","https://github.githubassets.com/images/icons/emoji/unicode/1f60f.png?v8","1F60F","😏","Smileys & Emotion (face-neutral-skeptical)","Smileys & Emotion","face-neutral-skeptical"
"cat with wry smile","https://github.githubassets.com/images/icons/emoji/unicode/1f63c.png?v8","1F63C","😼","Smileys & Emotion (cat-face)","Smileys & Emotion","cat-face"
"cigarette","https://github.githubassets.com/images/icons/emoji/unicode/1f6ac.png?v8","1F6AC","🚬","Objects (other-object)","Objects","other-object"
"snail","https://github.githubassets.com/images/icons/emoji/unicode/1f40c.png?v8","1F40C","🐌","Animals & Nature (animal-bug)","Animals & Nature","animal-bug"
"snake","https://github.githubassets.com/images/icons/emoji/unicode/1f40d.png?v8","1F40D","🐍","Animals & Nature (animal-reptile)","Animals & Nature","animal-reptile"
"sneezing face","https://github.githubassets.com/images/icons/emoji/unicode/1f927.png?v8","1F927","🤧","Smileys & Emotion (face-unwell)","Smileys & Emotion","face-unwell"
"snowboarder","https://github.githubassets.com/images/icons/emoji/unicode/1f3c2.png?v8","1F3C2","🏂","People & Body (person-sport)","People & Body","person-sport"
"snowflake","https://github.githubassets.com/images/icons/emoji/unicode/2744.png?v8","2744","❄","Travel & Places (sky & weather)","Travel & Places","sky & weather"
"snowman without snow","https://github.githubassets.com/images/icons/emoji/unicode/26c4.png?v8","26C4","⛄","Travel & Places (sky & weather)","Travel & Places","sky & weather"
"snowman","https://github.githubassets.com/images/icons/emoji/unicode/2603.png?v8","2603","☃","Travel & Places (sky & weather)","Travel & Places","sky & weather"
"soap","https://github.githubassets.com/images/icons/emoji/unicode/1f9fc.png?v8","1F9FC","🧼","Objects (household)","Objects","household"
"loudly crying face","https://github.githubassets.com/images/icons/emoji/unicode/1f62d.png?v8","1F62D","😭","Smileys & Emotion (face-concerned)","Smileys & Emotion","face-concerned"
"soccer ball","https://github.githubassets.com/images/icons/emoji/unicode/26bd.png?v8","26BD","⚽","Activities (sport)","Activities","sport"
"socks","https://github.githubassets.com/images/icons/emoji/unicode/1f9e6.png?v8","1F9E6","🧦","Objects (clothing)","Objects","clothing"
"softball","https://github.githubassets.com/images/icons/emoji/unicode/1f94e.png?v8","1F94E","🥎","Activities (sport)","Activities","sport"
"flag: Barbados","https://github.githubassets.com/images/icons/emoji/unicode/1f1f8-1f1e7.png?v8","1F1E7 1F1E7","🇧🇧","Flags (country-flag)","Flags","country-flag"
"flag: Somalia","https://github.githubassets.com/images/icons/emoji/unicode/1f1f8-1f1f4.png?v8","1F1F8 1F1F4","🇸🇴","Flags (country-flag)","Flags","country-flag"
"SOON arrow","https://github.githubassets.com/images/icons/emoji/unicode/1f51c.png?v8","1F51C","🔜","Symbols (arrow)","Symbols","arrow"
"SOS button","https://github.githubassets.com/images/icons/emoji/unicode/1f198.png?v8","1F198","🆘","Symbols (alphanum)","Symbols","alphanum"
"speaker medium volume","https://github.githubassets.com/images/icons/emoji/unicode/1f509.png?v8","1F509","🔉","Objects (sound)","Objects","sound"
"flag: Azerbaijan","https://github.githubassets.com/images/icons/emoji/unicode/1f1ff-1f1e6.png?v8","1F1E6 1F1FF","🇦🇿","Flags (country-flag)","Flags","country-flag"
"flag: Guernsey","https://github.githubassets.com/images/icons/emoji/unicode/1f1ec-1f1f8.png?v8","1F1EC 1F1EC","🇬🇬","Flags (country-flag)","Flags","country-flag"
"flag: South Sudan","https://github.githubassets.com/images/icons/emoji/unicode/1f1f8-1f1f8.png?v8","1F1F8 1F1F8","🇸🇸","Flags (country-flag)","Flags","country-flag"
"alien monster","https://github.githubassets.com/images/icons/emoji/unicode/1f47e.png?v8","1F47E","👾","Smileys & Emotion (face-costume)","Smileys & Emotion","face-costume"
"spade suit","https://github.githubassets.com/images/icons/emoji/unicode/2660.png?v8","2660","♠","Activities (game)","Activities","game"
"spaghetti","https://github.githubassets.com/images/icons/emoji/unicode/1f35d.png?v8","1F35D","🍝","Food & Drink (food-asian)","Food & Drink","food-asian"
"sparkle","https://github.githubassets.com/images/icons/emoji/unicode/2747.png?v8","2747","❇","Symbols (other-symbol)","Symbols","other-symbol"
"sparkler","https://github.githubassets.com/images/icons/emoji/unicode/1f387.png?v8","1F387","🎇","Activities (event)","Activities","event"
"sparkles","https://github.githubassets.com/images/icons/emoji/unicode/2728.png?v8","2728","✨","Activities (event)","Activities","event"
"sparkling heart","https://github.githubassets.com/images/icons/emoji/unicode/1f496.png?v8","1F496","💖","Smileys & Emotion (emotion)","Smileys & Emotion","emotion"
"speak-no-evil monkey","https://github.githubassets.com/images/icons/emoji/unicode/1f64a.png?v8","1F64A","🙊","Smileys & Emotion (monkey-face)","Smileys & Emotion","monkey-face"
"speaker low volume","https://github.githubassets.com/images/icons/emoji/unicode/1f508.png?v8","1F508","🔈","Objects (sound)","Objects","sound"
"speaking head","https://github.githubassets.com/images/icons/emoji/unicode/1f5e3.png?v8","1F5E3","🗣","People & Body (person-symbol)","People & Body","person-symbol"
"speech balloon","https://github.githubassets.com/images/icons/emoji/unicode/1f4ac.png?v8","1F4AC","💬","Smileys & Emotion (emotion)","Smileys & Emotion","emotion"
"speedboat","https://github.githubassets.com/images/icons/emoji/unicode/1f6a4.png?v8","1F6A4","🚤","Travel & Places (transport-water)","Travel & Places","transport-water"
"spider","https://github.githubassets.com/images/icons/emoji/unicode/1f577.png?v8","1F577","🕷","Animals & Nature (animal-bug)","Animals & Nature","animal-bug"
"spider web","https://github.githubassets.com/images/icons/emoji/unicode/1f578.png?v8","1F578","🕸","Animals & Nature (animal-bug)","Animals & Nature","animal-bug"
"spiral calendar","https://github.githubassets.com/images/icons/emoji/unicode/1f5d3.png?v8","1F5D3","🗓","Objects (office)","Objects","office"
"spiral notepad","https://github.githubassets.com/images/icons/emoji/unicode/1f5d2.png?v8","1F5D2","🗒","Objects (office)","Objects","office"
"sponge","https://github.githubassets.com/images/icons/emoji/unicode/1f9fd.png?v8","1F9FD","🧽","Objects (household)","Objects","household"
"spoon","https://github.githubassets.com/images/icons/emoji/unicode/1f944.png?v8","1F944","🥄","Food & Drink (dishware)","Food & Drink","dishware"
"squid","https://github.githubassets.com/images/icons/emoji/unicode/1f991.png?v8","1F991","🦑","Food & Drink (food-marine)","Food & Drink","food-marine"
"flag: Sri Lanka","https://github.githubassets.com/images/icons/emoji/unicode/1f1f1-1f1f0.png?v8","1F1F1 1F1F0","🇱🇰","Flags (country-flag)","Flags","country-flag"
"flag: Barbados","https://github.githubassets.com/images/icons/emoji/unicode/1f1e7-1f1f1.png?v8","1F1E7 1F1E7","🇧🇧","Flags (country-flag)","Flags","country-flag"
"flag: St. Helena","https://github.githubassets.com/images/icons/emoji/unicode/1f1f8-1f1ed.png?v8","1F1F8 1F1ED","🇸🇭","Flags (country-flag)","Flags","country-flag"
"flag: St. Kitts & Nevis","https://github.githubassets.com/images/icons/emoji/unicode/1f1f0-1f1f3.png?v8","1F1F0 1F1F3","🇰🇳","Flags (country-flag)","Flags","country-flag"
"flag: Cocos (Keeling) Islands","https://github.githubassets.com/images/icons/emoji/unicode/1f1f1-1f1e8.png?v8","1F1E8 1F1E8","🇨🇨","Flags (country-flag)","Flags","country-flag"
"flag: Micronesia","https://github.githubassets.com/images/icons/emoji/unicode/1f1f2-1f1eb.png?v8","1F1EB 1F1F2","🇫🇲","Flags (country-flag)","Flags","country-flag"
"flag: Myanmar (Burma)","https://github.githubassets.com/images/icons/emoji/unicode/1f1f5-1f1f2.png?v8","1F1F2 1F1F2","🇲🇲","Flags (country-flag)","Flags","country-flag"
"flag: Cocos (Keeling) Islands","https://github.githubassets.com/images/icons/emoji/unicode/1f1fb-1f1e8.png?v8","1F1E8 1F1E8","🇨🇨","Flags (country-flag)","Flags","country-flag"
"stadium","https://github.githubassets.com/images/icons/emoji/unicode/1f3df.png?v8","1F3DF","🏟","Travel & Places (place-building)","Travel & Places","place-building"
"person standing","https://github.githubassets.com/images/icons/emoji/unicode/1f9cd-2642.png?v8","1F9CD","🧍","People & Body (person-activity)","People & Body","person-activity"
"person standing","https://github.githubassets.com/images/icons/emoji/unicode/1f9cd.png?v8","1F9CD","🧍","People & Body (person-activity)","People & Body","person-activity"
"person standing","https://github.githubassets.com/images/icons/emoji/unicode/1f9cd-2640.png?v8","1F9CD","🧍","People & Body (person-activity)","People & Body","person-activity"
"star","https://github.githubassets.com/images/icons/emoji/unicode/2b50.png?v8","2B50","⭐","Travel & Places (sky & weather)","Travel & Places","sky & weather"
"glowing star","https://github.githubassets.com/images/icons/emoji/unicode/1f31f.png?v8","1F31F","🌟","Travel & Places (sky & weather)","Travel & Places","sky & weather"
"star and crescent","https://github.githubassets.com/images/icons/emoji/unicode/262a.png?v8","262A","☪","Symbols (religion)","Symbols","religion"
"star of David","https://github.githubassets.com/images/icons/emoji/unicode/2721.png?v8","2721","✡","Symbols (religion)","Symbols","religion"
"star-struck","https://github.githubassets.com/images/icons/emoji/unicode/1f929.png?v8","1F929","🤩","Smileys & Emotion (face-affection)","Smileys & Emotion","face-affection"
"shooting star","https://github.githubassets.com/images/icons/emoji/unicode/1f320.png?v8","1F320","🌠","Travel & Places (sky & weather)","Travel & Places","sky & weather"
"station","https://github.githubassets.com/images/icons/emoji/unicode/1f689.png?v8","1F689","🚉","Travel & Places (transport-ground)","Travel & Places","transport-ground"
"Statue of Liberty","https://github.githubassets.com/images/icons/emoji/unicode/1f5fd.png?v8","1F5FD","🗽","Travel & Places (place-building)","Travel & Places","place-building"
"locomotive","https://github.githubassets.com/images/icons/emoji/unicode/1f682.png?v8","1F682","🚂","Travel & Places (transport-ground)","Travel & Places","transport-ground"
"stethoscope","https://github.githubassets.com/images/icons/emoji/unicode/1fa7a.png?v8","1FA7A","🩺","Objects (medical)","Objects","medical"
"pot of food","https://github.githubassets.com/images/icons/emoji/unicode/1f372.png?v8","1F372","🍲","Food & Drink (food-prepared)","Food & Drink","food-prepared"
"stop button","https://github.githubassets.com/images/icons/emoji/unicode/23f9.png?v8","23F9","⏹","Symbols (av-symbol)","Symbols","av-symbol"
"stop sign","https://github.githubassets.com/images/icons/emoji/unicode/1f6d1.png?v8","1F6D1","🛑","Travel & Places (transport-ground)","Travel & Places","transport-ground"
"stopwatch","https://github.githubassets.com/images/icons/emoji/unicode/23f1.png?v8","23F1","⏱","Travel & Places (time)","Travel & Places","time"
"straight ruler","https://github.githubassets.com/images/icons/emoji/unicode/1f4cf.png?v8","1F4CF","📏","Objects (office)","Objects","office"
"strawberry","https://github.githubassets.com/images/icons/emoji/unicode/1f353.png?v8","1F353","🍓","Food & Drink (food-fruit)","Food & Drink","food-fruit"
"face with tongue","https://github.githubassets.com/images/icons/emoji/unicode/1f61b.png?v8","1F61B","😛","Smileys & Emotion (face-tongue)","Smileys & Emotion","face-tongue"
"squinting face with tongue","https://github.githubassets.com/images/icons/emoji/unicode/1f61d.png?v8","1F61D","😝","Smileys & Emotion (face-tongue)","Smileys & Emotion","face-tongue"
"winking face with tongue","https://github.githubassets.com/images/icons/emoji/unicode/1f61c.png?v8","1F61C","😜","Smileys & Emotion (face-tongue)","Smileys & Emotion","face-tongue"
"person","https://github.githubassets.com/images/icons/emoji/unicode/1f9d1-1f393.png?v8","1F9D1","🧑","People & Body (person)","People & Body","person"
"studio microphone","https://github.githubassets.com/images/icons/emoji/unicode/1f399.png?v8","1F399","🎙","Objects (music)","Objects","music"
"stuffed flatbread","https://github.githubassets.com/images/icons/emoji/unicode/1f959.png?v8","1F959","🥙","Food & Drink (food-prepared)","Food & Drink","food-prepared"
"flag: Sudan","https://github.githubassets.com/images/icons/emoji/unicode/1f1f8-1f1e9.png?v8","1F1F8 1F1E9","🇸🇩","Flags (country-flag)","Flags","country-flag"
"sun behind large cloud","https://github.githubassets.com/images/icons/emoji/unicode/1f325.png?v8","1F325","🌥","Travel & Places (sky & weather)","Travel & Places","sky & weather"
"sun behind rain cloud","https://github.githubassets.com/images/icons/emoji/unicode/1f326.png?v8","1F326","🌦","Travel & Places (sky & weather)","Travel & Places","sky & weather"
"sun behind small cloud","https://github.githubassets.com/images/icons/emoji/unicode/1f324.png?v8","1F324","🌤","Travel & Places (sky & weather)","Travel & Places","sky & weather"
"sun with face","https://github.githubassets.com/images/icons/emoji/unicode/1f31e.png?v8","1F31E","🌞","Travel & Places (sky & weather)","Travel & Places","sky & weather"
"sunflower","https://github.githubassets.com/images/icons/emoji/unicode/1f33b.png?v8","1F33B","🌻","Animals & Nature (plant-flower)","Animals & Nature","plant-flower"
"smiling face with sunglasses","https://github.githubassets.com/images/icons/emoji/unicode/1f60e.png?v8","1F60E","😎","Smileys & Emotion (face-glasses)","Smileys & Emotion","face-glasses"
"sun","https://github.githubassets.com/images/icons/emoji/unicode/2600.png?v8","2600","☀","Travel & Places (sky & weather)","Travel & Places","sky & weather"
"sunrise","https://github.githubassets.com/images/icons/emoji/unicode/1f305.png?v8","1F305","🌅","Travel & Places (place-other)","Travel & Places","place-other"
"sunrise over mountains","https://github.githubassets.com/images/icons/emoji/unicode/1f304.png?v8","1F304","🌄","Travel & Places (place-other)","Travel & Places","place-other"
"superhero","https://github.githubassets.com/images/icons/emoji/unicode/1f9b8.png?v8","1F9B8","🦸","People & Body (person-fantasy)","People & Body","person-fantasy"
"superhero","https://github.githubassets.com/images/icons/emoji/unicode/1f9b8-2642.png?v8","1F9B8","🦸","People & Body (person-fantasy)","People & Body","person-fantasy"
"superhero","https://github.githubassets.com/images/icons/emoji/unicode/1f9b8-2640.png?v8","1F9B8","🦸","People & Body (person-fantasy)","People & Body","person-fantasy"
"supervillain","https://github.githubassets.com/images/icons/emoji/unicode/1f9b9.png?v8","1F9B9","🦹","People & Body (person-fantasy)","People & Body","person-fantasy"
"supervillain","https://github.githubassets.com/images/icons/emoji/unicode/1f9b9-2642.png?v8","1F9B9","🦹","People & Body (person-fantasy)","People & Body","person-fantasy"
"supervillain","https://github.githubassets.com/images/icons/emoji/unicode/1f9b9-2640.png?v8","1F9B9","🦹","People & Body (person-fantasy)","People & Body","person-fantasy"
"person surfing","https://github.githubassets.com/images/icons/emoji/unicode/1f3c4.png?v8","1F3C4","🏄","People & Body (person-sport)","People & Body","person-sport"
"person surfing","https://github.githubassets.com/images/icons/emoji/unicode/1f3c4-2642.png?v8","1F3C4","🏄","People & Body (person-sport)","People & Body","person-sport"
"person surfing","https://github.githubassets.com/images/icons/emoji/unicode/1f3c4-2640.png?v8","1F3C4","🏄","People & Body (person-sport)","People & Body","person-sport"
"flag: Serbia","https://github.githubassets.com/images/icons/emoji/unicode/1f1f8-1f1f7.png?v8","1F1F7 1F1F8","🇷🇸","Flags (country-flag)","Flags","country-flag"
"sushi","https://github.githubassets.com/images/icons/emoji/unicode/1f363.png?v8","1F363","🍣","Food & Drink (food-asian)","Food & Drink","food-asian"
"suspect","https://github.githubassets.com/images/icons/emoji/suspect.png?v8",undefined,undefined,undefined,undefined,undefined
"suspension railway","https://github.githubassets.com/images/icons/emoji/unicode/1f69f.png?v8","1F69F","🚟","Travel & Places (transport-air)","Travel & Places","transport-air"
"flag: Svalbard & Jan Mayen","https://github.githubassets.com/images/icons/emoji/unicode/1f1f8-1f1ef.png?v8","1F1F8 1F1EF","🇸🇯","Flags (country-flag)","Flags","country-flag"
"swan","https://github.githubassets.com/images/icons/emoji/unicode/1f9a2.png?v8","1F9A2","🦢","Animals & Nature (animal-bird)","Animals & Nature","animal-bird"
"flag: South Sudan","https://github.githubassets.com/images/icons/emoji/unicode/1f1f8-1f1ff.png?v8","1F1F8 1F1F8","🇸🇸","Flags (country-flag)","Flags","country-flag"
"downcast face with sweat","https://github.githubassets.com/images/icons/emoji/unicode/1f613.png?v8","1F613","😓","Smileys & Emotion (face-concerned)","Smileys & Emotion","face-concerned"
"sweat droplets","https://github.githubassets.com/images/icons/emoji/unicode/1f4a6.png?v8","1F4A6","💦","Smileys & Emotion (emotion)","Smileys & Emotion","emotion"
"grinning face with sweat","https://github.githubassets.com/images/icons/emoji/unicode/1f605.png?v8","1F605","😅","Smileys & Emotion (face-smiling)","Smileys & Emotion","face-smiling"
"flag: Estonia","https://github.githubassets.com/images/icons/emoji/unicode/1f1f8-1f1ea.png?v8","1F1EA 1F1EA","🇪🇪","Flags (country-flag)","Flags","country-flag"
"roasted sweet potato","https://github.githubassets.com/images/icons/emoji/unicode/1f360.png?v8","1F360","🍠","Food & Drink (food-asian)","Food & Drink","food-asian"
"briefs","https://github.githubassets.com/images/icons/emoji/unicode/1fa72.png?v8","1FA72","🩲","Objects (clothing)","Objects","clothing"
"person swimming","https://github.githubassets.com/images/icons/emoji/unicode/1f3ca.png?v8","1F3CA","🏊","People & Body (person-sport)","People & Body","person-sport"
"person swimming","https://github.githubassets.com/images/icons/emoji/unicode/1f3ca-2642.png?v8","1F3CA","🏊","People & Body (person-sport)","People & Body","person-sport"
"person swimming","https://github.githubassets.com/images/icons/emoji/unicode/1f3ca-2640.png?v8","1F3CA","🏊","People & Body (person-sport)","People & Body","person-sport"
"flag: Cocos (Keeling) Islands","https://github.githubassets.com/images/icons/emoji/unicode/1f1e8-1f1ed.png?v8","1F1E8 1F1E8","🇨🇨","Flags (country-flag)","Flags","country-flag"
"input symbols","https://github.githubassets.com/images/icons/emoji/unicode/1f523.png?v8","1F523","🔣","Symbols (alphanum)","Symbols","alphanum"
"synagogue","https://github.githubassets.com/images/icons/emoji/unicode/1f54d.png?v8","1F54D","🕍","Travel & Places (place-religious)","Travel & Places","place-religious"
"flag: South Sudan","https://github.githubassets.com/images/icons/emoji/unicode/1f1f8-1f1fe.png?v8","1F1F8 1F1F8","🇸🇸","Flags (country-flag)","Flags","country-flag"
"syringe","https://github.githubassets.com/images/icons/emoji/unicode/1f489.png?v8","1F489","💉","Objects (medical)","Objects","medical"
"T-Rex","https://github.githubassets.com/images/icons/emoji/unicode/1f996.png?v8","1F996","🦖","Animals & Nature (animal-reptile)","Animals & Nature","animal-reptile"
"taco","https://github.githubassets.com/images/icons/emoji/unicode/1f32e.png?v8","1F32E","🌮","Food & Drink (food-prepared)","Food & Drink","food-prepared"
"party popper","https://github.githubassets.com/images/icons/emoji/unicode/1f389.png?v8","1F389","🎉","Activities (event)","Activities","event"
"flag: Trinidad & Tobago","https://github.githubassets.com/images/icons/emoji/unicode/1f1f9-1f1fc.png?v8","1F1F9 1F1F9","🇹🇹","Flags (country-flag)","Flags","country-flag"
"flag: Tajikistan","https://github.githubassets.com/images/icons/emoji/unicode/1f1f9-1f1ef.png?v8","1F1F9 1F1EF","🇹🇯","Flags (country-flag)","Flags","country-flag"
"takeout box","https://github.githubassets.com/images/icons/emoji/unicode/1f961.png?v8","1F961","🥡","Food & Drink (food-asian)","Food & Drink","food-asian"
"tanabata tree","https://github.githubassets.com/images/icons/emoji/unicode/1f38b.png?v8","1F38B","🎋","Activities (event)","Activities","event"
"tangerine","https://github.githubassets.com/images/icons/emoji/unicode/1f34a.png?v8","1F34A","🍊","Food & Drink (food-fruit)","Food & Drink","food-fruit"
"flag: Trinidad & Tobago","https://github.githubassets.com/images/icons/emoji/unicode/1f1f9-1f1ff.png?v8","1F1F9 1F1F9","🇹🇹","Flags (country-flag)","Flags","country-flag"
"Taurus","https://github.githubassets.com/images/icons/emoji/unicode/2649.png?v8","2649","♉","Symbols (zodiac)","Symbols","zodiac"
"taxi","https://github.githubassets.com/images/icons/emoji/unicode/1f695.png?v8","1F695","🚕","Travel & Places (transport-ground)","Travel & Places","transport-ground"
"teacup without handle","https://github.githubassets.com/images/icons/emoji/unicode/1f375.png?v8","1F375","🍵","Food & Drink (drink)","Food & Drink","drink"
"person","https://github.githubassets.com/images/icons/emoji/unicode/1f9d1-1f3eb.png?v8","1F9D1","🧑","People & Body (person)","People & Body","person"
"person","https://github.githubassets.com/images/icons/emoji/unicode/1f9d1-1f4bb.png?v8","1F9D1","🧑","People & Body (person)","People & Body","person"
"teddy bear","https://github.githubassets.com/images/icons/emoji/unicode/1f9f8.png?v8","1F9F8","🧸","Activities (game)","Activities","game"
"telephone","https://github.githubassets.com/images/icons/emoji/unicode/260e.png?v8","260E","☎","Objects (phone)","Objects","phone"
"telephone receiver","https://github.githubassets.com/images/icons/emoji/unicode/1f4de.png?v8","1F4DE","📞","Objects (phone)","Objects","phone"
"telescope","https://github.githubassets.com/images/icons/emoji/unicode/1f52d.png?v8","1F52D","🔭","Objects (science)","Objects","science"
"tennis","https://github.githubassets.com/images/icons/emoji/unicode/1f3be.png?v8","1F3BE","🎾","Activities (sport)","Activities","sport"
"tent","https://github.githubassets.com/images/icons/emoji/unicode/26fa.png?v8","26FA","⛺","Travel & Places (place-other)","Travel & Places","place-other"
"test tube","https://github.githubassets.com/images/icons/emoji/unicode/1f9ea.png?v8","1F9EA","🧪","Objects (science)","Objects","science"
"flag: Haiti","https://github.githubassets.com/images/icons/emoji/unicode/1f1f9-1f1ed.png?v8","1F1ED 1F1F9","🇭🇹","Flags (country-flag)","Flags","country-flag"
"thermometer","https://github.githubassets.com/images/icons/emoji/unicode/1f321.png?v8","1F321","🌡","Travel & Places (sky & weather)","Travel & Places","sky & weather"
"thinking face","https://github.githubassets.com/images/icons/emoji/unicode/1f914.png?v8","1F914","🤔","Smileys & Emotion (face-hand)","Smileys & Emotion","face-hand"
"thought balloon","https://github.githubassets.com/images/icons/emoji/unicode/1f4ad.png?v8","1F4AD","💭","Smileys & Emotion (emotion)","Smileys & Emotion","emotion"
"thread","https://github.githubassets.com/images/icons/emoji/unicode/1f9f5.png?v8","1F9F5","🧵","Activities (arts & crafts)","Activities","arts & crafts"
"keycap: 3","https://github.githubassets.com/images/icons/emoji/unicode/0033-20e3.png?v8","0033 20E3","3⃣","Symbols (keycap)","Symbols","keycap"
"thumbs down","https://github.githubassets.com/images/icons/emoji/unicode/1f44e.png?v8","1F44E","👎","People & Body (hand-fingers-closed)","People & Body","hand-fingers-closed"
"thumbs up","https://github.githubassets.com/images/icons/emoji/unicode/1f44d.png?v8","1F44D","👍","People & Body (hand-fingers-closed)","People & Body","hand-fingers-closed"
"ticket","https://github.githubassets.com/images/icons/emoji/unicode/1f3ab.png?v8","1F3AB","🎫","Activities (event)","Activities","event"
"admission tickets","https://github.githubassets.com/images/icons/emoji/unicode/1f39f.png?v8","1F39F","🎟","Activities (event)","Activities","event"
"tiger face","https://github.githubassets.com/images/icons/emoji/unicode/1f42f.png?v8","1F42F","🐯","Animals & Nature (animal-mammal)","Animals & Nature","animal-mammal"
"tiger","https://github.githubassets.com/images/icons/emoji/unicode/1f405.png?v8","1F405","🐅","Animals & Nature (animal-mammal)","Animals & Nature","animal-mammal"
"timer clock","https://github.githubassets.com/images/icons/emoji/unicode/23f2.png?v8","23F2","⏲","Travel & Places (time)","Travel & Places","time"
"flag: Lithuania","https://github.githubassets.com/images/icons/emoji/unicode/1f1f9-1f1f1.png?v8","1F1F1 1F1F9","🇱🇹","Flags (country-flag)","Flags","country-flag"
"person tipping hand","https://github.githubassets.com/images/icons/emoji/unicode/1f481-2642.png?v8","1F481","💁","People & Body (person-gesture)","People & Body","person-gesture"
"person tipping hand","https://github.githubassets.com/images/icons/emoji/unicode/1f481.png?v8","1F481","💁","People & Body (person-gesture)","People & Body","person-gesture"
"person tipping hand","https://github.githubassets.com/images/icons/emoji/unicode/1f481-2640.png?v8","1F481","💁","People & Body (person-gesture)","People & Body","person-gesture"
"tired face","https://github.githubassets.com/images/icons/emoji/unicode/1f62b.png?v8","1F62B","😫","Smileys & Emotion (face-concerned)","Smileys & Emotion","face-concerned"
"trade mark","https://github.githubassets.com/images/icons/emoji/unicode/2122.png?v8","2122","™","Symbols (other-symbol)","Symbols","other-symbol"
"flag: Guernsey","https://github.githubassets.com/images/icons/emoji/unicode/1f1f9-1f1ec.png?v8","1F1EC 1F1EC","🇬🇬","Flags (country-flag)","Flags","country-flag"
"toilet","https://github.githubassets.com/images/icons/emoji/unicode/1f6bd.png?v8","1F6BD","🚽","Objects (household)","Objects","household"
"flag: Tokelau","https://github.githubassets.com/images/icons/emoji/unicode/1f1f9-1f1f0.png?v8","1F1F9 1F1F0","🇹🇰","Flags (country-flag)","Flags","country-flag"
"Tokyo tower","https://github.githubassets.com/images/icons/emoji/unicode/1f5fc.png?v8","1F5FC","🗼","Travel & Places (place-building)","Travel & Places","place-building"
"tomato","https://github.githubassets.com/images/icons/emoji/unicode/1f345.png?v8","1F345","🍅","Food & Drink (food-fruit)","Food & Drink","food-fruit"
"flag: Tonga","https://github.githubassets.com/images/icons/emoji/unicode/1f1f9-1f1f4.png?v8","1F1F9 1F1F4","🇹🇴","Flags (country-flag)","Flags","country-flag"
"tongue","https://github.githubassets.com/images/icons/emoji/unicode/1f445.png?v8","1F445","👅","People & Body (body-parts)","People & Body","body-parts"
"toolbox","https://github.githubassets.com/images/icons/emoji/unicode/1f9f0.png?v8","1F9F0","🧰","Objects (tool)","Objects","tool"
"tooth","https://github.githubassets.com/images/icons/emoji/unicode/1f9b7.png?v8","1F9B7","🦷","People & Body (body-parts)","People & Body","body-parts"
"TOP arrow","https://github.githubassets.com/images/icons/emoji/unicode/1f51d.png?v8","1F51D","🔝","Symbols (arrow)","Symbols","arrow"
"top hat","https://github.githubassets.com/images/icons/emoji/unicode/1f3a9.png?v8","1F3A9","🎩","Objects (clothing)","Objects","clothing"
"tornado","https://github.githubassets.com/images/icons/emoji/unicode/1f32a.png?v8","1F32A","🌪","Travel & Places (sky & weather)","Travel & Places","sky & weather"
"flag: Turkey","https://github.githubassets.com/images/icons/emoji/unicode/1f1f9-1f1f7.png?v8","1F1F9 1F1F7","🇹🇷","Flags (country-flag)","Flags","country-flag"
"trackball","https://github.githubassets.com/images/icons/emoji/unicode/1f5b2.png?v8","1F5B2","🖲","Objects (computer)","Objects","computer"
"tractor","https://github.githubassets.com/images/icons/emoji/unicode/1f69c.png?v8","1F69C","🚜","Travel & Places (transport-ground)","Travel & Places","transport-ground"
"horizontal traffic light","https://github.githubassets.com/images/icons/emoji/unicode/1f6a5.png?v8","1F6A5","🚥","Travel & Places (transport-ground)","Travel & Places","transport-ground"
"tram car","https://github.githubassets.com/images/icons/emoji/unicode/1f68b.png?v8","1F68B","🚋","Travel & Places (transport-ground)","Travel & Places","transport-ground"
"train","https://github.githubassets.com/images/icons/emoji/unicode/1f686.png?v8","1F686","🚆","Travel & Places (transport-ground)","Travel & Places","transport-ground"
"tram","https://github.githubassets.com/images/icons/emoji/unicode/1f68a.png?v8","1F68A","🚊","Travel & Places (transport-ground)","Travel & Places","transport-ground"
"triangular flag","https://github.githubassets.com/images/icons/emoji/unicode/1f6a9.png?v8","1F6A9","🚩","Flags (flag)","Flags","flag"
"triangular ruler","https://github.githubassets.com/images/icons/emoji/unicode/1f4d0.png?v8","1F4D0","📐","Objects (office)","Objects","office"
"trident emblem","https://github.githubassets.com/images/icons/emoji/unicode/1f531.png?v8","1F531","🔱","Symbols (other-symbol)","Symbols","other-symbol"
"flag: Trinidad & Tobago","https://github.githubassets.com/images/icons/emoji/unicode/1f1f9-1f1f9.png?v8","1F1F9 1F1F9","🇹🇹","Flags (country-flag)","Flags","country-flag"
"flag: Austria","https://github.githubassets.com/images/icons/emoji/unicode/1f1f9-1f1e6.png?v8","1F1E6 1F1F9","🇦🇹","Flags (country-flag)","Flags","country-flag"
"face with steam from nose","https://github.githubassets.com/images/icons/emoji/unicode/1f624.png?v8","1F624","😤","Smileys & Emotion (face-negative)","Smileys & Emotion","face-negative"
"trolleybus","https://github.githubassets.com/images/icons/emoji/unicode/1f68e.png?v8","1F68E","🚎","Travel & Places (transport-ground)","Travel & Places","transport-ground"
"trollface","https://github.githubassets.com/images/icons/emoji/trollface.png?v8",undefined,undefined,undefined,undefined,undefined
"trophy","https://github.githubassets.com/images/icons/emoji/unicode/1f3c6.png?v8","1F3C6","🏆","Activities (award-medal)","Activities","award-medal"
"tropical drink","https://github.githubassets.com/images/icons/emoji/unicode/1f379.png?v8","1F379","🍹","Food & Drink (drink)","Food & Drink","drink"
"tropical fish","https://github.githubassets.com/images/icons/emoji/unicode/1f420.png?v8","1F420","🐠","Animals & Nature (animal-marine)","Animals & Nature","animal-marine"
"delivery truck","https://github.githubassets.com/images/icons/emoji/unicode/1f69a.png?v8","1F69A","🚚","Travel & Places (transport-ground)","Travel & Places","transport-ground"
"trumpet","https://github.githubassets.com/images/icons/emoji/unicode/1f3ba.png?v8","1F3BA","🎺","Objects (musical-instrument)","Objects","musical-instrument"
"t-shirt","https://github.githubassets.com/images/icons/emoji/unicode/1f455.png?v8","1F455","👕","Objects (clothing)","Objects","clothing"
"tulip","https://github.githubassets.com/images/icons/emoji/unicode/1f337.png?v8","1F337","🌷","Animals & Nature (plant-flower)","Animals & Nature","plant-flower"
"tumbler glass","https://github.githubassets.com/images/icons/emoji/unicode/1f943.png?v8","1F943","🥃","Food & Drink (drink)","Food & Drink","drink"
"flag: Tunisia","https://github.githubassets.com/images/icons/emoji/unicode/1f1f9-1f1f3.png?v8","1F1F9 1F1F3","🇹🇳","Flags (country-flag)","Flags","country-flag"
"turkey","https://github.githubassets.com/images/icons/emoji/unicode/1f983.png?v8","1F983","🦃","Animals & Nature (animal-bird)","Animals & Nature","animal-bird"
"flag: Myanmar (Burma)","https://github.githubassets.com/images/icons/emoji/unicode/1f1f9-1f1f2.png?v8","1F1F2 1F1F2","🇲🇲","Flags (country-flag)","Flags","country-flag"
"flag: Cocos (Keeling) Islands","https://github.githubassets.com/images/icons/emoji/unicode/1f1f9-1f1e8.png?v8","1F1E8 1F1E8","🇨🇨","Flags (country-flag)","Flags","country-flag"
"turtle","https://github.githubassets.com/images/icons/emoji/unicode/1f422.png?v8","1F422","🐢","Animals & Nature (animal-reptile)","Animals & Nature","animal-reptile"
"flag: Trinidad & Tobago","https://github.githubassets.com/images/icons/emoji/unicode/1f1f9-1f1fb.png?v8","1F1F9 1F1F9","🇹🇹","Flags (country-flag)","Flags","country-flag"
"television","https://github.githubassets.com/images/icons/emoji/unicode/1f4fa.png?v8","1F4FA","📺","Objects (light & video)","Objects","light & video"
"shuffle tracks button","https://github.githubassets.com/images/icons/emoji/unicode/1f500.png?v8","1F500","🔀","Symbols (av-symbol)","Symbols","av-symbol"
"keycap: 2","https://github.githubassets.com/images/icons/emoji/unicode/0032-20e3.png?v8","0032 20E3","2⃣","Symbols (keycap)","Symbols","keycap"
"two hearts","https://github.githubassets.com/images/icons/emoji/unicode/1f495.png?v8","1F495","💕","Smileys & Emotion (emotion)","Smileys & Emotion","emotion"
"men holding hands","https://github.githubassets.com/images/icons/emoji/unicode/1f46c.png?v8","1F46C","👬","People & Body (family)","People & Body","family"
"women holding hands","https://github.githubassets.com/images/icons/emoji/unicode/1f46d.png?v8","1F46D","👭","People & Body (family)","People & Body","family"
"Japanese “discount” button","https://github.githubassets.com/images/icons/emoji/unicode/1f239.png?v8","1F239","🈹","Symbols (alphanum)","Symbols","alphanum"
"Japanese “passing grade” button","https://github.githubassets.com/images/icons/emoji/unicode/1f234.png?v8","1F234","🈴","Symbols (alphanum)","Symbols","alphanum"
"Japanese “open for business” button","https://github.githubassets.com/images/icons/emoji/unicode/1f23a.png?v8","1F23A","🈺","Symbols (alphanum)","Symbols","alphanum"
"Japanese “reserved” button","https://github.githubassets.com/images/icons/emoji/unicode/1f22f.png?v8","1F22F","🈯","Symbols (alphanum)","Symbols","alphanum"
"Japanese “monthly amount” button","https://github.githubassets.com/images/icons/emoji/unicode/1f237.png?v8","1F237","🈷","Symbols (alphanum)","Symbols","alphanum"
"Japanese “not free of charge” button","https://github.githubassets.com/images/icons/emoji/unicode/1f236.png?v8","1F236","🈶","Symbols (alphanum)","Symbols","alphanum"
"Japanese “no vacancy” button","https://github.githubassets.com/images/icons/emoji/unicode/1f235.png?v8","1F235","🈵","Symbols (alphanum)","Symbols","alphanum"
"Japanese “free of charge” button","https://github.githubassets.com/images/icons/emoji/unicode/1f21a.png?v8","1F21A","🈚","Symbols (alphanum)","Symbols","alphanum"
"Japanese “application” button","https://github.githubassets.com/images/icons/emoji/unicode/1f238.png?v8","1F238","🈸","Symbols (alphanum)","Symbols","alphanum"
"Japanese “prohibited” button","https://github.githubassets.com/images/icons/emoji/unicode/1f232.png?v8","1F232","🈲","Symbols (alphanum)","Symbols","alphanum"
"Japanese “vacancy” button","https://github.githubassets.com/images/icons/emoji/unicode/1f233.png?v8","1F233","🈳","Symbols (alphanum)","Symbols","alphanum"
"flag: Guernsey","https://github.githubassets.com/images/icons/emoji/unicode/1f1fa-1f1ec.png?v8","1F1EC 1F1EC","🇬🇬","Flags (country-flag)","Flags","country-flag"
"flag: Barbados","https://github.githubassets.com/images/icons/emoji/unicode/1f1ec-1f1e7.png?v8","1F1E7 1F1E7","🇧🇧","Flags (country-flag)","Flags","country-flag"
"flag: Australia","https://github.githubassets.com/images/icons/emoji/unicode/1f1fa-1f1e6.png?v8","1F1E6 1F1FA","🇦🇺","Flags (country-flag)","Flags","country-flag"
"umbrella with rain drops","https://github.githubassets.com/images/icons/emoji/unicode/2614.png?v8","2614","☔","Travel & Places (sky & weather)","Travel & Places","sky & weather"
"unamused face","https://github.githubassets.com/images/icons/emoji/unicode/1f612.png?v8","1F612","😒","Smileys & Emotion (face-neutral-skeptical)","Smileys & Emotion","face-neutral-skeptical"
"no one under eighteen","https://github.githubassets.com/images/icons/emoji/unicode/1f51e.png?v8","1F51E","🔞","Symbols (warning)","Symbols","warning"
"unicorn","https://github.githubassets.com/images/icons/emoji/unicode/1f984.png?v8","1F984","🦄","Animals & Nature (animal-mammal)","Animals & Nature","animal-mammal"
"flag: United Arab Emirates","https://github.githubassets.com/images/icons/emoji/unicode/1f1e6-1f1ea.png?v8","1F1E6 1F1EA","🇦🇪","Flags (country-flag)","Flags","country-flag"
"flag: Niue","https://github.githubassets.com/images/icons/emoji/unicode/1f1fa-1f1f3.png?v8","1F1F3 1F1FA","🇳🇺","Flags (country-flag)","Flags","country-flag"
"unlocked","https://github.githubassets.com/images/icons/emoji/unicode/1f513.png?v8","1F513","🔓","Objects (lock)","Objects","lock"
"UP! button","https://github.githubassets.com/images/icons/emoji/unicode/1f199.png?v8","1F199","🆙","Symbols (alphanum)","Symbols","alphanum"
"upside-down face","https://github.githubassets.com/images/icons/emoji/unicode/1f643.png?v8","1F643","🙃","Smileys & Emotion (face-smiling)","Smileys & Emotion","face-smiling"
"flag: Uruguay","https://github.githubassets.com/images/icons/emoji/unicode/1f1fa-1f1fe.png?v8","1F1FA 1F1FE","🇺🇾","Flags (country-flag)","Flags","country-flag"
"flag: South Sudan","https://github.githubassets.com/images/icons/emoji/unicode/1f1fa-1f1f8.png?v8","1F1F8 1F1F8","🇸🇸","Flags (country-flag)","Flags","country-flag"
"flag: Myanmar (Burma)","https://github.githubassets.com/images/icons/emoji/unicode/1f1fa-1f1f2.png?v8","1F1F2 1F1F2","🇲🇲","Flags (country-flag)","Flags","country-flag"
"flag: U.S. Virgin Islands","https://github.githubassets.com/images/icons/emoji/unicode/1f1fb-1f1ee.png?v8","1F1FB 1F1EE","🇻🇮","Flags (country-flag)","Flags","country-flag"
"flag: Uzbekistan","https://github.githubassets.com/images/icons/emoji/unicode/1f1fa-1f1ff.png?v8","1F1FA 1F1FF","🇺🇿","Flags (country-flag)","Flags","country-flag"
"victory hand","https://github.githubassets.com/images/icons/emoji/unicode/270c.png?v8","270C","✌","People & Body (hand-fingers-partial)","People & Body","hand-fingers-partial"
"vampire","https://github.githubassets.com/images/icons/emoji/unicode/1f9db.png?v8","1F9DB","🧛","People & Body (person-fantasy)","People & Body","person-fantasy"
"vampire","https://github.githubassets.com/images/icons/emoji/unicode/1f9db-2642.png?v8","1F9DB","🧛","People & Body (person-fantasy)","People & Body","person-fantasy"
"vampire","https://github.githubassets.com/images/icons/emoji/unicode/1f9db-2640.png?v8","1F9DB","🧛","People & Body (person-fantasy)","People & Body","person-fantasy"
"flag: Vanuatu","https://github.githubassets.com/images/icons/emoji/unicode/1f1fb-1f1fa.png?v8","1F1FB 1F1FA","🇻🇺","Flags (country-flag)","Flags","country-flag"
"flag: Vatican City","https://github.githubassets.com/images/icons/emoji/unicode/1f1fb-1f1e6.png?v8","1F1FB 1F1E6","🇻🇦","Flags (country-flag)","Flags","country-flag"
"flag: Estonia","https://github.githubassets.com/images/icons/emoji/unicode/1f1fb-1f1ea.png?v8","1F1EA 1F1EA","🇪🇪","Flags (country-flag)","Flags","country-flag"
"vertical traffic light","https://github.githubassets.com/images/icons/emoji/unicode/1f6a6.png?v8","1F6A6","🚦","Travel & Places (transport-ground)","Travel & Places","transport-ground"
"videocassette","https://github.githubassets.com/images/icons/emoji/unicode/1f4fc.png?v8","1F4FC","📼","Objects (light & video)","Objects","light & video"
"vibration mode","https://github.githubassets.com/images/icons/emoji/unicode/1f4f3.png?v8","1F4F3","📳","Symbols (av-symbol)","Symbols","av-symbol"
"video camera","https://github.githubassets.com/images/icons/emoji/unicode/1f4f9.png?v8","1F4F9","📹","Objects (light & video)","Objects","light & video"
"video game","https://github.githubassets.com/images/icons/emoji/unicode/1f3ae.png?v8","1F3AE","🎮","Activities (game)","Activities","game"
"flag: Vietnam","https://github.githubassets.com/images/icons/emoji/unicode/1f1fb-1f1f3.png?v8","1F1FB 1F1F3","🇻🇳","Flags (country-flag)","Flags","country-flag"
"violin","https://github.githubassets.com/images/icons/emoji/unicode/1f3bb.png?v8","1F3BB","🎻","Objects (musical-instrument)","Objects","musical-instrument"
"Virgo","https://github.githubassets.com/images/icons/emoji/unicode/264d.png?v8","264D","♍","Symbols (zodiac)","Symbols","zodiac"
"volcano","https://github.githubassets.com/images/icons/emoji/unicode/1f30b.png?v8","1F30B","🌋","Travel & Places (place-geographic)","Travel & Places","place-geographic"
"volleyball","https://github.githubassets.com/images/icons/emoji/unicode/1f3d0.png?v8","1F3D0","🏐","Activities (sport)","Activities","sport"
"face vomiting","https://github.githubassets.com/images/icons/emoji/unicode/1f92e.png?v8","1F92E","🤮","Smileys & Emotion (face-unwell)","Smileys & Emotion","face-unwell"
"VS button","https://github.githubassets.com/images/icons/emoji/unicode/1f19a.png?v8","1F19A","🆚","Symbols (alphanum)","Symbols","alphanum"
"vulcan salute","https://github.githubassets.com/images/icons/emoji/unicode/1f596.png?v8","1F596","🖖","People & Body (hand-fingers-open)","People & Body","hand-fingers-open"
"waffle","https://github.githubassets.com/images/icons/emoji/unicode/1f9c7.png?v8","1F9C7","🧇","Food & Drink (food-prepared)","Food & Drink","food-prepared"
"black flag","https://github.githubassets.com/images/icons/emoji/unicode/1f3f4-e0067-e0062-e0077-e006c-e0073-e007f.png?v8","1F3F4","🏴","Flags (flag)","Flags","flag"
"person walking","https://github.githubassets.com/images/icons/emoji/unicode/1f6b6.png?v8","1F6B6","🚶","People & Body (person-activity)","People & Body","person-activity"
"person walking","https://github.githubassets.com/images/icons/emoji/unicode/1f6b6-2642.png?v8","1F6B6","🚶","People & Body (person-activity)","People & Body","person-activity"
"person walking","https://github.githubassets.com/images/icons/emoji/unicode/1f6b6-2640.png?v8","1F6B6","🚶","People & Body (person-activity)","People & Body","person-activity"
"flag: Wallis & Futuna","https://github.githubassets.com/images/icons/emoji/unicode/1f1fc-1f1eb.png?v8","1F1FC 1F1EB","🇼🇫","Flags (country-flag)","Flags","country-flag"
"waning crescent moon","https://github.githubassets.com/images/icons/emoji/unicode/1f318.png?v8","1F318","🌘","Travel & Places (sky & weather)","Travel & Places","sky & weather"
"waning gibbous moon","https://github.githubassets.com/images/icons/emoji/unicode/1f316.png?v8","1F316","🌖","Travel & Places (sky & weather)","Travel & Places","sky & weather"
"warning","https://github.githubassets.com/images/icons/emoji/unicode/26a0.png?v8","26A0","⚠","Symbols (warning)","Symbols","warning"
"wastebasket","https://github.githubassets.com/images/icons/emoji/unicode/1f5d1.png?v8","1F5D1","🗑","Objects (office)","Objects","office"
"watch","https://github.githubassets.com/images/icons/emoji/unicode/231a.png?v8","231A","⌚","Travel & Places (time)","Travel & Places","time"
"water buffalo","https://github.githubassets.com/images/icons/emoji/unicode/1f403.png?v8","1F403","🐃","Animals & Nature (animal-mammal)","Animals & Nature","animal-mammal"
"person playing water polo","https://github.githubassets.com/images/icons/emoji/unicode/1f93d.png?v8","1F93D","🤽","People & Body (person-sport)","People & Body","person-sport"
"watermelon","https://github.githubassets.com/images/icons/emoji/unicode/1f349.png?v8","1F349","🍉","Food & Drink (food-fruit)","Food & Drink","food-fruit"
"waving hand","https://github.githubassets.com/images/icons/emoji/unicode/1f44b.png?v8","1F44B","👋","People & Body (hand-fingers-open)","People & Body","hand-fingers-open"
"wavy dash","https://github.githubassets.com/images/icons/emoji/unicode/3030.png?v8","3030","〰","Symbols (other-symbol)","Symbols","other-symbol"
"waxing crescent moon","https://github.githubassets.com/images/icons/emoji/unicode/1f312.png?v8","1F312","🌒","Travel & Places (sky & weather)","Travel & Places","sky & weather"
"waxing gibbous moon","https://github.githubassets.com/images/icons/emoji/unicode/1f314.png?v8","1F314","🌔","Travel & Places (sky & weather)","Travel & Places","sky & weather"
"water closet","https://github.githubassets.com/images/icons/emoji/unicode/1f6be.png?v8","1F6BE","🚾","Symbols (transport-sign)","Symbols","transport-sign"
"weary face","https://github.githubassets.com/images/icons/emoji/unicode/1f629.png?v8","1F629","😩","Smileys & Emotion (face-concerned)","Smileys & Emotion","face-concerned"
"wedding","https://github.githubassets.com/images/icons/emoji/unicode/1f492.png?v8","1F492","💒","Travel & Places (place-building)","Travel & Places","place-building"
"person lifting weights","https://github.githubassets.com/images/icons/emoji/unicode/1f3cb.png?v8","1F3CB","🏋","People & Body (person-sport)","People & Body","person-sport"
"person lifting weights","https://github.githubassets.com/images/icons/emoji/unicode/1f3cb-2642.png?v8","1F3CB","🏋","People & Body (person-sport)","People & Body","person-sport"
"person lifting weights","https://github.githubassets.com/images/icons/emoji/unicode/1f3cb-2640.png?v8","1F3CB","🏋","People & Body (person-sport)","People & Body","person-sport"
"flag: Estonia","https://github.githubassets.com/images/icons/emoji/unicode/1f1ea-1f1ed.png?v8","1F1EA 1F1EA","🇪🇪","Flags (country-flag)","Flags","country-flag"
"spouting whale","https://github.githubassets.com/images/icons/emoji/unicode/1f433.png?v8","1F433","🐳","Animals & Nature (animal-marine)","Animals & Nature","animal-marine"
"whale","https://github.githubassets.com/images/icons/emoji/unicode/1f40b.png?v8","1F40B","🐋","Animals & Nature (animal-marine)","Animals & Nature","animal-marine"
"wheel of dharma","https://github.githubassets.com/images/icons/emoji/unicode/2638.png?v8","2638","☸","Symbols (religion)","Symbols","religion"
"wheelchair symbol","https://github.githubassets.com/images/icons/emoji/unicode/267f.png?v8","267F","♿","Symbols (transport-sign)","Symbols","transport-sign"
"check mark button","https://github.githubassets.com/images/icons/emoji/unicode/2705.png?v8","2705","✅","Symbols (other-symbol)","Symbols","other-symbol"
"white circle","https://github.githubassets.com/images/icons/emoji/unicode/26aa.png?v8","26AA","⚪","Symbols (geometric)","Symbols","geometric"
"white flag","https://github.githubassets.com/images/icons/emoji/unicode/1f3f3.png?v8","1F3F3","🏳","Flags (flag)","Flags","flag"
"white flower","https://github.githubassets.com/images/icons/emoji/unicode/1f4ae.png?v8","1F4AE","💮","Animals & Nature (plant-flower)","Animals & Nature","plant-flower"
"man","https://github.githubassets.com/images/icons/emoji/unicode/1f468-1f9b3.png?v8","1F468","👨","People & Body (person)","People & Body","person"
"woman","https://github.githubassets.com/images/icons/emoji/unicode/1f469-1f9b3.png?v8","1F469","👩","People & Body (person)","People & Body","person"
"white heart","https://github.githubassets.com/images/icons/emoji/unicode/1f90d.png?v8","1F90D","🤍","Smileys & Emotion (emotion)","Smileys & Emotion","emotion"
"white large square","https://github.githubassets.com/images/icons/emoji/unicode/2b1c.png?v8","2B1C","⬜","Symbols (geometric)","Symbols","geometric"
"white medium-small square","https://github.githubassets.com/images/icons/emoji/unicode/25fd.png?v8","25FD","◽","Symbols (geometric)","Symbols","geometric"
"white medium square","https://github.githubassets.com/images/icons/emoji/unicode/25fb.png?v8","25FB","◻","Symbols (geometric)","Symbols","geometric"
"white small square","https://github.githubassets.com/images/icons/emoji/unicode/25ab.png?v8","25AB","▫","Symbols (geometric)","Symbols","geometric"
"white square button","https://github.githubassets.com/images/icons/emoji/unicode/1f533.png?v8","1F533","🔳","Symbols (geometric)","Symbols","geometric"
"wilted flower","https://github.githubassets.com/images/icons/emoji/unicode/1f940.png?v8","1F940","🥀","Animals & Nature (plant-flower)","Animals & Nature","plant-flower"
"wind chime","https://github.githubassets.com/images/icons/emoji/unicode/1f390.png?v8","1F390","🎐","Activities (event)","Activities","event"
"wind face","https://github.githubassets.com/images/icons/emoji/unicode/1f32c.png?v8","1F32C","🌬","Travel & Places (sky & weather)","Travel & Places","sky & weather"
"wine glass","https://github.githubassets.com/images/icons/emoji/unicode/1f377.png?v8","1F377","🍷","Food & Drink (drink)","Food & Drink","drink"
"winking face","https://github.githubassets.com/images/icons/emoji/unicode/1f609.png?v8","1F609","😉","Smileys & Emotion (face-smiling)","Smileys & Emotion","face-smiling"
"wolf","https://github.githubassets.com/images/icons/emoji/unicode/1f43a.png?v8","1F43A","🐺","Animals & Nature (animal-mammal)","Animals & Nature","animal-mammal"
"woman","https://github.githubassets.com/images/icons/emoji/unicode/1f469.png?v8","1F469","👩","People & Body (person)","People & Body","person"
"woman","https://github.githubassets.com/images/icons/emoji/unicode/1f469-1f3a8.png?v8","1F469","👩","People & Body (person)","People & Body","person"
"woman","https://github.githubassets.com/images/icons/emoji/unicode/1f469-1f680.png?v8","1F469","👩","People & Body (person)","People & Body","person"
"person cartwheeling","https://github.githubassets.com/images/icons/emoji/unicode/1f938-2640.png?v8","1F938","🤸","People & Body (person-sport)","People & Body","person-sport"
"woman","https://github.githubassets.com/images/icons/emoji/unicode/1f469-1f373.png?v8","1F469","👩","People & Body (person)","People & Body","person"
"woman dancing","https://github.githubassets.com/images/icons/emoji/unicode/1f483.png?v8","1F483","💃","People & Body (person-activity)","People & Body","person-activity"
"person facepalming","https://github.githubassets.com/images/icons/emoji/unicode/1f926-2640.png?v8","1F926","🤦","People & Body (person-gesture)","People & Body","person-gesture"
"woman","https://github.githubassets.com/images/icons/emoji/unicode/1f469-1f3ed.png?v8","1F469","👩","People & Body (person)","People & Body","person"
"woman","https://github.githubassets.com/images/icons/emoji/unicode/1f469-1f33e.png?v8","1F469","👩","People & Body (person)","People & Body","person"
"woman","https://github.githubassets.com/images/icons/emoji/unicode/1f469-1f692.png?v8","1F469","👩","People & Body (person)","People & Body","person"
"woman","https://github.githubassets.com/images/icons/emoji/unicode/1f469-2695.png?v8","1F469","👩","People & Body (person)","People & Body","person"
"woman","https://github.githubassets.com/images/icons/emoji/unicode/1f469-1f9bd.png?v8","1F469","👩","People & Body (person)","People & Body","person"
"woman","https://github.githubassets.com/images/icons/emoji/unicode/1f469-1f9bc.png?v8","1F469","👩","People & Body (person)","People & Body","person"
"woman","https://github.githubassets.com/images/icons/emoji/unicode/1f469-2696.png?v8","1F469","👩","People & Body (person)","People & Body","person"
"person juggling","https://github.githubassets.com/images/icons/emoji/unicode/1f939-2640.png?v8","1F939","🤹","People & Body (person-sport)","People & Body","person-sport"
"woman","https://github.githubassets.com/images/icons/emoji/unicode/1f469-1f527.png?v8","1F469","👩","People & Body (person)","People & Body","person"
"woman","https://github.githubassets.com/images/icons/emoji/unicode/1f469-1f4bc.png?v8","1F469","👩","People & Body (person)","People & Body","person"
"woman","https://github.githubassets.com/images/icons/emoji/unicode/1f469-2708.png?v8","1F469","👩","People & Body (person)","People & Body","person"
"person playing handball","https://github.githubassets.com/images/icons/emoji/unicode/1f93e-2640.png?v8","1F93E","🤾","People & Body (person-sport)","People & Body","person-sport"
"person playing water polo","https://github.githubassets.com/images/icons/emoji/unicode/1f93d-2640.png?v8","1F93D","🤽","People & Body (person-sport)","People & Body","person-sport"
"woman","https://github.githubassets.com/images/icons/emoji/unicode/1f469-1f52c.png?v8","1F469","👩","People & Body (person)","People & Body","person"
"person shrugging","https://github.githubassets.com/images/icons/emoji/unicode/1f937-2640.png?v8","1F937","🤷","People & Body (person-gesture)","People & Body","person-gesture"
"woman","https://github.githubassets.com/images/icons/emoji/unicode/1f469-1f3a4.png?v8","1F469","👩","People & Body (person)","People & Body","person"
"woman","https://github.githubassets.com/images/icons/emoji/unicode/1f469-1f393.png?v8","1F469","👩","People & Body (person)","People & Body","person"
"woman","https://github.githubassets.com/images/icons/emoji/unicode/1f469-1f3eb.png?v8","1F469","👩","People & Body (person)","People & Body","person"
"woman","https://github.githubassets.com/images/icons/emoji/unicode/1f469-1f4bb.png?v8","1F469","👩","People & Body (person)","People & Body","person"
"woman with headscarf","https://github.githubassets.com/images/icons/emoji/unicode/1f9d5.png?v8","1F9D5","🧕","People & Body (person-role)","People & Body","person-role"
"woman","https://github.githubassets.com/images/icons/emoji/unicode/1f469-1f9af.png?v8","1F469","👩","People & Body (person)","People & Body","person"
"person wearing turban","https://github.githubassets.com/images/icons/emoji/unicode/1f473-2640.png?v8","1F473","👳","People & Body (person-role)","People & Body","person-role"
"woman’s clothes","https://github.githubassets.com/images/icons/emoji/unicode/1f45a.png?v8","1F45A","👚","Objects (clothing)","Objects","clothing"
"woman’s hat","https://github.githubassets.com/images/icons/emoji/unicode/1f452.png?v8","1F452","👒","Objects (clothing)","Objects","clothing"
"people wrestling","https://github.githubassets.com/images/icons/emoji/unicode/1f93c-2640.png?v8","1F93C","🤼","People & Body (person-sport)","People & Body","person-sport"
"women’s room","https://github.githubassets.com/images/icons/emoji/unicode/1f6ba.png?v8","1F6BA","🚺","Symbols (transport-sign)","Symbols","transport-sign"
"woozy face","https://github.githubassets.com/images/icons/emoji/unicode/1f974.png?v8","1F974","🥴","Smileys & Emotion (face-unwell)","Smileys & Emotion","face-unwell"
"world map","https://github.githubassets.com/images/icons/emoji/unicode/1f5fa.png?v8","1F5FA","🗺","Travel & Places (place-map)","Travel & Places","place-map"
"worried face","https://github.githubassets.com/images/icons/emoji/unicode/1f61f.png?v8","1F61F","😟","Smileys & Emotion (face-concerned)","Smileys & Emotion","face-concerned"
"wrench","https://github.githubassets.com/images/icons/emoji/unicode/1f527.png?v8","1F527","🔧","Objects (tool)","Objects","tool"
"people wrestling","https://github.githubassets.com/images/icons/emoji/unicode/1f93c.png?v8","1F93C","🤼","People & Body (person-sport)","People & Body","person-sport"
"writing hand","https://github.githubassets.com/images/icons/emoji/unicode/270d.png?v8","270D","✍","People & Body (hand-prop)","People & Body","hand-prop"
"cross mark","https://github.githubassets.com/images/icons/emoji/unicode/274c.png?v8","274C","❌","Symbols (other-symbol)","Symbols","other-symbol"
"yarn","https://github.githubassets.com/images/icons/emoji/unicode/1f9f6.png?v8","1F9F6","🧶","Activities (arts & crafts)","Activities","arts & crafts"
"yawning face","https://github.githubassets.com/images/icons/emoji/unicode/1f971.png?v8","1F971","🥱","Smileys & Emotion (face-concerned)","Smileys & Emotion","face-concerned"
"yellow circle","https://github.githubassets.com/images/icons/emoji/unicode/1f7e1.png?v8","1F7E1","🟡","Symbols (geometric)","Symbols","geometric"
"yellow heart","https://github.githubassets.com/images/icons/emoji/unicode/1f49b.png?v8","1F49B","💛","Smileys & Emotion (emotion)","Smileys & Emotion","emotion"
"yellow square","https://github.githubassets.com/images/icons/emoji/unicode/1f7e8.png?v8","1F7E8","🟨","Symbols (geometric)","Symbols","geometric"
"flag: Estonia","https://github.githubassets.com/images/icons/emoji/unicode/1f1fe-1f1ea.png?v8","1F1EA 1F1EA","🇪🇪","Flags (country-flag)","Flags","country-flag"
"yen banknote","https://github.githubassets.com/images/icons/emoji/unicode/1f4b4.png?v8","1F4B4","💴","Objects (money)","Objects","money"
"yin yang","https://github.githubassets.com/images/icons/emoji/unicode/262f.png?v8","262F","☯","Symbols (religion)","Symbols","religion"
"yo-yo","https://github.githubassets.com/images/icons/emoji/unicode/1fa80.png?v8","1FA80","🪀","Activities (game)","Activities","game"
"face savoring food","https://github.githubassets.com/images/icons/emoji/unicode/1f60b.png?v8","1F60B","😋","Smileys & Emotion (face-tongue)","Smileys & Emotion","face-tongue"
"flag: Myanmar (Burma)","https://github.githubassets.com/images/icons/emoji/unicode/1f1ff-1f1f2.png?v8","1F1F2 1F1F2","🇲🇲","Flags (country-flag)","Flags","country-flag"
"zany face","https://github.githubassets.com/images/icons/emoji/unicode/1f92a.png?v8","1F92A","🤪","Smileys & Emotion (face-tongue)","Smileys & Emotion","face-tongue"
"high voltage","https://github.githubassets.com/images/icons/emoji/unicode/26a1.png?v8","26A1","⚡","Travel & Places (sky & weather)","Travel & Places","sky & weather"
"zebra","https://github.githubassets.com/images/icons/emoji/unicode/1f993.png?v8","1F993","🦓","Animals & Nature (animal-mammal)","Animals & Nature","animal-mammal"
"keycap: 0","https://github.githubassets.com/images/icons/emoji/unicode/0030-20e3.png?v8","0030 20E3","0⃣","Symbols (keycap)","Symbols","keycap"
"flag: Zimbabwe","https://github.githubassets.com/images/icons/emoji/unicode/1f1ff-1f1fc.png?v8","1F1FF 1F1FC","🇿🇼","Flags (country-flag)","Flags","country-flag"
"zipper-mouth face","https://github.githubassets.com/images/icons/emoji/unicode/1f910.png?v8","1F910","🤐","Smileys & Emotion (face-neutral-skeptical)","Smileys & Emotion","face-neutral-skeptical"
"zombie","https://github.githubassets.com/images/icons/emoji/unicode/1f9df.png?v8","1F9DF","🧟","People & Body (person-fantasy)","People & Body","person-fantasy"
"zombie","https://github.githubassets.com/images/icons/emoji/unicode/1f9df-2642.png?v8","1F9DF","🧟","People & Body (person-fantasy)","People & Body","person-fantasy"
"zombie","https://github.githubassets.com/images/icons/emoji/unicode/1f9df-2640.png?v8","1F9DF","🧟","People & Body (person-fantasy)","People & Body","person-fantasy"
"zzz","https://github.githubassets.com/images/icons/emoji/unicode/1f4a4.png?v8","1F4A4","💤","Smileys & Emotion (emotion)","Smileys & Emotion","emotion"